algorithm_id	item_id	paper_title	paper_doi	paper_pdf_sha256	paper_section_equation_or_algorithm	paper_value_or_stage	matlab_file_and_lines	source_value_or_order	selected_semantics	selection_reason	provenance	known_conflict	unit_test_id	status	owner_decision_id
benchmark	objective	A State-of-the-Art Fractional Order-Driven Differential Evolution for Wind Farm Layout Optimization	10.3390/math13020282	aa8ceb7febbf6730da8f048514e692dc5bab6edb9c9cfba4496cc24c1786c661	Section 2	Expected farm power	matlab/benchmark/support/wf_fitness_m0.m	Joint direction-speed probability-weighted sum	Joint-probability-weighted expected farm power in kW	Frozen FODE-E0-L problem identity	previously_adjudicated	Paper does not restate every implementation detail	O_EXPECTED_POWER_001	resolved	D0-A
benchmark	wake_model	A State-of-the-Art Fractional Order-Driven Differential Evolution for Wind Farm Layout Optimization	10.3390/math13020282	aa8ceb7febbf6730da8f048514e692dc5bab6edb9c9cfba4496cc24c1786c661	Eqs. 2-7	Jensen/Park top-hat wake	matlab/benchmark/support/wf_fitness_m0.m	Linear wake expansion and root-sum-square superposition	Archived aligned 3D Jensen/Park equations	Frozen problem equations	previously_adjudicated	Notation is incomplete without source context	O_WAKE_ALIGNED_3D	resolved	D0-A
benchmark	power_curve	A Chaotic Local Search-Based LSHADE with Enhanced Memory Storage Mechanism for Wind Farm Layout Optimization	10.1016/j.asoc.2023.110306	7ba8d957399a42f536598dabc548f496f2ae37be1fe21f573476850a9e729d8d	Eq. 30	Legacy synthetic power curve	matlab/benchmark/support/wf_fitness_m0.m	P(18 m/s)=0	Retain the legacy curve exactly	Benchmark identity requires literal boundary	previously_adjudicated	Boundary is a synthetic benchmark convention	O_POWER_18	resolved	D0-A
benchmark	physical_fes	A State-of-the-Art Fractional Order-Driven Differential Evolution for Wind Farm Layout Optimization	10.3390/math13020282	aa8ceb7febbf6730da8f048514e692dc5bab6edb9c9cfba4496cc24c1786c661	Experiment protocol	Maximum FES 24000	matlab/benchmark/support/wf_fitness.m	One completed population row invokes one complete layout evaluation	Exactly 24000 completed full-layout evaluations	Algorithm counters cannot redefine physical work	previously_adjudicated	Legacy counters differ across algorithms	O_FES_INITIALIZATION	resolved	D3-A
fode	population_rule	A State-of-the-Art Fractional Order-Driven Differential Evolution for Wind Farm Layout Optimization	10.3390/math13020282	aa8ceb7febbf6730da8f048514e692dc5bab6edb9c9cfba4496cc24c1786c661	Table 1 and Algorithm 1	Ninit=abs(77-D); Nmin=4	matlab/algorithms/fode/source/FODE.m:9,28-32	Ninit=abs(77-D); executable D=80 starts at 3	Ninit=abs(77-D); Nmin=min(4,Ninit)	Preserve the published implementation identity and disclose D=80 edge case	archived_executable_conflict_resolved	Table minimum and executable initial size cross at D=80	O_FODE_N80_POPULATION	resolved	D3-A
fode	fractional_update	A State-of-the-Art Fractional Order-Driven Differential Evolution for Wind Farm Layout Optimization	10.3390/math13020282	aa8ceb7febbf6730da8f048514e692dc5bab6edb9c9cfba4496cc24c1786c661	Eqs. 12-15 and Algorithm 1	a=0.8; fractional population history	matlab/algorithms/fode/source/FODE.m:41-118	History-weighted current-to-pbest mutation	Archived FODE state transition under a generation snapshot	Paper and source agree	paper_and_source	None	O_FODE_GENERATION_TRACE	resolved	
aga	stage_order	Wind Farm Layout Optimization Using Self-Informed Genetic Algorithm with Information Guided Exploitation	10.1016/j.apenergy.2019.04.084	62f93d5942ddbc2fd7e94eebf52544de9da3147b55729fd643034362f5004c6f	Algorithm Steps 1-6	Evaluate; reorder; select; crossover; mutate; iterate	matlab/algorithms/aga/source/AGA.m:22-69	Same phase order	Use paper stage order with deterministic phase barriers	Paper explicitly defines method identity	paper_first_source_completed	None	AGA_STAGE_ORDER	resolved	
aga	worst_relocation	Wind Farm Layout Optimization Using Self-Informed Genetic Algorithm with Information Guided Exploitation	10.1016/j.apenergy.2019.04.084	62f93d5942ddbc2fd7e94eebf52544de9da3147b55729fd643034362f5004c6f	Section 3 and adaptive operator	Move the lowest-power turbine once per parent	matlab/algorithms/aga/source/adaptive_move_worst.m	One feasible random replacement per layout	One worst-turbine replacement per parent	Direct paper/source agreement	paper_and_source	None	AGA_WORST_MOVE	resolved	
aga	genetic_thresholds	Wind Farm Layout Optimization Using Self-Informed Genetic Algorithm with Information Guided Exploitation	10.1016/j.apenergy.2019.04.084	62f93d5942ddbc2fd7e94eebf52544de9da3147b55729fd643034362f5004c6f	Reported GA controls	pe=0.2; pc=0.6; pm=0.1; pr=0.5	matlab/algorithms/aga/source/crossover.m; mutation.m	pc is not consumed; mutation executes when rand>pm	Keep source-completed executable thresholds and disclose effective mutation probability 0.9	The paper reports labels but not the archived guard direction	source_completed_registered	pc has no runtime effect; pm label implies the opposite probability	AGA_MUTATION_INVERTED_THRESHOLD	resolved	D3-A
sugga	relocation_branch	Wind Farm Layout Optimization Based on Support Vector Regression Guided Genetic Algorithm with Consideration of Participation Among Landowners	10.1016/j.enconman.2019.06.082	5b6605a967143073a4da442c6aa50c873562e6c0f5037b822f38a1862a68782f	Section 3	SVR-guided or random worst-turbine relocation	matlab/algorithms/sugga/source/SUGGA.m:36-64; sugga_move_worst.m	Fifty-percent random branch; guided branch tests five feasible cells	Use frozen case-specific SVR and the archived online branch details	Paper defines the branch and source supplies omitted counts	paper_first_frozen_source_completed	None	SUGGA_BRANCH_TRACE	resolved	
sugga	monte_carlo_boundary	Wind Farm Layout Optimization Based on Support Vector Regression Guided Genetic Algorithm with Consideration of Participation Among Landowners	10.1016/j.enconman.2019.06.082	5b6605a967143073a4da442c6aa50c873562e6c0f5037b822f38a1862a68782f	Section 3.4	10000 Monte Carlo samples train response surfaces	shared/models/sugga	Models are frozen before optimization	Exclude offline samples from online physical FES	Online comparison evaluates frozen models only	paper_and_frozen_asset	None	SUGGA_MODEL_HASH	resolved	
ise	control_parameters	An Improved Spherical Evolution with Enhanced Exploration Capabilities to Address Wind Farm Layout Optimization Problem	10.1016/j.engappai.2023.106198	7636d8aed3b5e16ed9512ff4cc1e48b00e38db478b7b1052808d407e8a680f47	Table 3	N=5; F=10; Dc=D/3	matlab/algorithms/ise/paper_derived/ISE_fode_e0_reference.m:13-18	N=5; F=10; round(D/3)	N=5; F=10; round(D/3)	Integerization is explicitly reconstructed before results	paper_derived_explicit_reconstruction	Paper omits integerization for nonmultiples of three	ISE_EQ17_COMPONENTS	resolved	OWNER-20260727-002
ise	spherical_update	An Improved Spherical Evolution with Enhanced Exploration Capabilities to Address Wind Farm Layout Optimization Problem	10.1016/j.engappai.2023.106198	7636d8aed3b5e16ed9512ff4cc1e48b00e38db478b7b1052808d407e8a680f47	Eq. 17 and Algorithm 1	Reduced-coordinate spherical direction	matlab/algorithms/ise/paper_derived/ISE_fode_e0_reference.m:42-67	Radius and direction use the same selected coordinates	Use a read-only parent snapshot and the same reduced coordinate set	Matches the literal equation	paper_derived	An older reconstruction used all D coordinates for radius	ISE_EQ17_RADIUS	resolved	OWNER-20260727-002
agpso	population_and_budget	An Adaptive Replacement Strategy Incorporated Particle Swarm Optimizer for Wind Farm Layout Optimization	10.1016/j.enconman.2022.116174	3d4551b28aaa912f82f0d13dd953e37c1e98589c8d6bb4f2735fae76b9f9722e	Section 4.1	Population 120; maximum 200 iterations	matlab/algorithms/agpso/source/main.m	Population 50; maximum 200 iterations	Population 120; exact common 24000 physical FES	The original paper controls the formal algorithm identity	paper_first_source_difference_registered	Archived driver uses 50	AGPSO_PARAMETER_CONTRACT	resolved	
agpso	velocity	An Adaptive Replacement Strategy Incorporated Particle Swarm Optimizer for Wind Farm Layout Optimization	10.1016/j.enconman.2022.116174	3d4551b28aaa912f82f0d13dd953e37c1e98589c8d6bb4f2735fae76b9f9722e	Eq. 21	v=c*r*(pbest-x); c=1.49618	matlab/algorithms/agpso/source/AGPSO.m:118-122	Archived adapter includes omega*v with omega=0.7298	Use Eq. 21 without inertia	The original paper explicitly deletes the inertia term	paper_first_source_difference_registered	Archived adapter retained GLPSO-style inertia	AGPSO_EQ21_NO_INERTIA	resolved	
agpso	stage_order	An Adaptive Replacement Strategy Incorporated Particle Swarm Optimizer for Wind Farm Layout Optimization	10.1016/j.enconman.2022.116174	3d4551b28aaa912f82f0d13dd953e37c1e98589c8d6bb4f2735fae76b9f9722e	Algorithm 1 lines 11-44	Generate all elites; replacement; velocity-position update; evaluate and update bests	matlab/algorithms/agpso/source/AGPSO.m:54-170	Archived adapter immediately writes within particle loop	paper_staged_parallel with barriers	The pseudocode defines synchronous phases and permits intra-stage particle parallelism	paper_first_source_difference_registered	MATLAB loop is asynchronous	AGPSO_STAGE_BARRIER	resolved	
agpso	population_survival	An Adaptive Replacement Strategy Incorporated Particle Swarm Optimizer for Wind Farm Layout Optimization	10.1016/j.enconman.2022.116174	3d4551b28aaa912f82f0d13dd953e37c1e98589c8d6bb4f2735fae76b9f9722e	Algorithm 1 lines 40-43	Retain X-prime only when f(X-prime) is better than f(X)	matlab/algorithms/agpso/source/AGPSO.m:118-143	Archived adapter always advances X to the velocity-updated candidate	Compare each evaluated candidate with its generation-entry position and retain the better layout	This is the closest executable paper-first rule without adding an unreported evaluation after adaptive replacement	paper_first_source_difference_registered	The archived source omits the conditional survival step	AGPSO_POPULATION_SURVIVAL	resolved	D3-A
agpso	stagnation_tournament	An Adaptive Replacement Strategy Incorporated Particle Swarm Optimizer for Wind Farm Layout Optimization	10.1016/j.enconman.2022.116174	3d4551b28aaa912f82f0d13dd953e37c1e98589c8d6bb4f2735fae76b9f9722e	Eq. 16 and Algorithm 1	s=7; tournament size 20%M; pm=0.01	matlab/algorithms/agpso/source/AGPSO.m:49-52,108-116	Same numeric controls	Use paper values with deterministic tournament merge	Paper/source agree on controls	paper_and_source	None	AGPSO_TOURNAMENT	resolved	
cgpso	stage_order	A Chaotic Local Search-Based Particle Swarm Optimizer for Large-Scale Complex Wind Farm Layout Optimization	10.1109/JAS.2023.123387	3cb545aede5682f21d892735c6d6ce052251503767ea29efb24d7176c1486726	Algorithm 1 lines 11-20	All exemplars; all positions; population evaluation; best updates	matlab/algorithms/cgpso/source/CGPSO.m	Archived loop performs immediate particle updates	paper_staged_parallel with barriers	Pseudocode explicitly defines population-wide stages	paper_first_source_difference_registered	MATLAB loop is asynchronous	CGPSO_STAGE_BARRIER	resolved	
cgpso	chaotic_local_search	A Chaotic Local Search-Based Particle Swarm Optimizer for Large-Scale Complex Wind Farm Layout Optimization	10.1109/JAS.2023.123387	3cb545aede5682f21d892735c6d6ce052251503767ea29efb24d7176c1486726	Eqs. 16-20; Tables I II X XI	CLS-M success/failure memory with L=25; SS-1D; lambda=0.01*(1-t/T)	matlab/algorithms/cgpso/source/GenerateChaos.m; Chaotic_selection.m; main.m	Archived main selects Strategy 3 success-only memory and pBest-difference radius	Use paper CLS-M, SS-1D and shrinking radius; use archived map expressions only where they instantiate Table I	The paper explicitly identifies CLS-M and SS-1D as CGPSO and reports their parameters	paper_first_source_difference_registered	Archived Strategy 3 is an ablation branch rather than the paper-defined final method	CGPSO_CLSM_MEMORY	resolved	D3-A
lshade	parameter_memory	Success-History Based Parameter Adaptation for Differential Evolution	10.1109/CEC.2013.6557555	ed59dedd7656dda1e494bfb822fa5a54009637385bf470797ea6fc6e9761b549	Algorithm 1 and Eqs. 15-20	Success-history MCR and MF with weighted Lehmer means	matlab/algorithms/lshade/source/LSHADE.m	Memory H=5; Cauchy F; Gaussian CR	Use SHADE success-history formulas and deterministic successful-trial merge	Foundation paper defines the mechanism	paper_first_source_completed	None	LSHADE_MEMORY_UPDATE	resolved	
lshade	cr_terminal_memory	Improving the Search Performance of SHADE Using Linear Population Size Reduction	10.1109/CEC.2014.6900380	76a5f8e627530e4fa24a692063aae00904ba767b541a294dc4e5a691e6ad3364	Algorithm 2 parameter-memory continuation	MCR=-1 produces CR=0 and remains terminal	matlab/algorithms/lshade/source/LSHADE.m:45-52,107-110	Exact -1 sentinel in sampling and successful-memory update	Retain the terminal crossover-memory state exactly	The archived implementation makes the paper mechanism executable	paper_first_source_completed	A clipped Gaussian centered at -1 is not equivalent	LSHADE_CR_SENTINEL	resolved	
lshade	population_reduction	Improving the Search Performance of SHADE Using Linear Population Size Reduction	10.1109/CEC.2014.6900380	76a5f8e627530e4fa24a692063aae00904ba767b541a294dc4e5a691e6ad3364	Algorithm 2 and Eq. 10	Ninit=18D; Nmin=4; linear reduction	matlab/algorithms/lshade/source/LSHADE.m	Ninit=18D; Nmin=4	Reduce after completed batch using exact physical FES fraction	Paper/source agreement	paper_and_source	None	LSHADE_LINEAR_REDUCTION	resolved	
lshade	mutation_and_archive	Improving the Search Performance of SHADE Using Linear Population Size Reduction	10.1109/CEC.2014.6900380	76a5f8e627530e4fa24a692063aae00904ba767b541a294dc4e5a691e6ad3364	Algorithm 2	current-to-pbest/1 with archive	matlab/algorithms/lshade/source/LSHADE.m	p=0.11; archive rate=1.4; stable repair	Use independent trial construction followed by ordered archive merge	Matches method and enables semantic-safe parallelism	paper_first_source_completed	None	LSHADE_ARCHIVE	resolved	
clshade	core	A Chaotic Local Search-Based LSHADE with Enhanced Memory Storage Mechanism for Wind Farm Layout Optimization	10.1016/j.asoc.2023.110306	7ba8d957399a42f536598dabc548f496f2ae37be1fe21f573476850a9e729d8d	Algorithm 1 and Eqs. 11-18	L-SHADE generation plus enhanced memory	matlab/algorithms/clshade/paper_derived/CLSHADE_fode_e0_reference.m:49-118	Paper-derived batch DE and deterministic memory update	Use registered paper-derived state machine	No author code was published	paper_derived_explicit_reconstruction	No public source	CLSHADE_CORE_TRACE	resolved	
clshade	chaotic_maps	A Chaotic Local Search-Based LSHADE with Enhanced Memory Storage Mechanism for Wind Farm Layout Optimization	10.1016/j.asoc.2023.110306	7ba8d957399a42f536598dabc548f496f2ae37be1fe21f573476850a9e729d8d	Table 4	Twelve listed chaotic equations	matlab/benchmark/support/openwflop_generate_chaos.m	Twelve literal equations	Use Table 4 equations, distinct from CGPSO archived maps	Direct paper implementation	paper_derived	Archived CGPSO maps are not interchangeable	CLSHADE_TABLE4_MAPS	resolved	D3-A
clshade	map_selection_memory	A Chaotic Local Search-Based LSHADE with Enhanced Memory Storage Mechanism for Wind Farm Layout Optimization	10.1016/j.asoc.2023.110306	7ba8d957399a42f536598dabc548f496f2ae37be1fe21f573476850a9e729d8d	Eqs. 26-29 and Table 10	L=50 success/failure magnitude memory and normalized adaptive map probabilities	matlab/algorithms/clshade/paper_derived/CLSHADE_fode_e0_reference.m:23-31,119-170	Two 50-by-12 circular memories; score equals success over success plus failure plus 0.01	Use the literal paper-derived memory and probability update after every evaluated CLS candidate	This mechanism is part of the method name and cannot be replaced by cumulative success-only scores	paper_derived	No public author source	CLSHADE_MAP_MEMORY	resolved	D3-A
clshade	radius	A Chaotic Local Search-Based LSHADE with Enhanced Memory Storage Mechanism for Wind Farm Layout Optimization	10.1016/j.asoc.2023.110306	7ba8d957399a42f536598dabc548f496f2ae37be1fe21f573476850a9e729d8d	Eqs. 19-21 and Table 10	r in (0,1); gamma0=0.988	matlab/algorithms/clshade/paper_derived/CLSHADE_fode_e0_reference.m:40-41,143-151	r0=0.01; gamma0=0.988	Use pre-registered r0=0.01 and disclose it as reconstructed	The paper omits the initial radius	paper_derived_explicit_reconstruction	Initial r is undocumented	CLSHADE_RADIUS	resolved	OWNER-20260727-001
all	terminal_partial	A State-of-the-Art Fractional Order-Driven Differential Evolution for Wind Farm Layout Optimization	10.3390/math13020282	aa8ceb7febbf6730da8f048514e692dc5bab6edb9c9cfba4496cc24c1786c661	Comparison maximum FES	Common completed work	matlab/main/run_case.m	Adapters expose heterogeneous legacy counters	Retain completed candidates and stop at exactly 24000 complete layout evaluations	Fair common work requires physical evaluator accounting	previously_adjudicated	Legacy counters differ	EXACT_PHYSICAL_FES	resolved	OWNER-20260727-OPTION-A
