corpus_id	role	reading_tier	primary_review_class	secondary_review_classes	year	title	authors	venue	doi	pdf_basename	pdf_sha256	primary_asset_status	scope_status	target_contribution_type	target_method_or_driver	target_problem_or_model	method_semantic_id	problem_semantic_id	paper_protocol_id	execution_wave	package_status	claim_boundary
T02	D	KEY40	REV1	REV3	2005	Placement of Wind Turbines Using Genetic Algorithms	S.A. Grady and M.Y. Hussaini and M.M. Abdullah	Renewable Energy	10.1016/j.renene.2004.05.007	2005_Grady_Placement_of_Wind_Turbines_Using_Genetic_Algorithms.pdf	60bc334ac545d4b048a7c7ecacd3332f6cad965a40dbb5c95e37c6a6d749a5d4	local_primary_pdf_hashed	new_direct_ready	problem_definition_or_comparison_protocol	Grady independent-island binary GA	Mosetti-Grady 10x10 Jensen historical grid	t02_grady_island_ga_declared_v1	core99_mosetti_grady_historical_grid_v1	t02_grady_A_B_C_body_and_abstract_25repeat_v1	REV1	formal_complete	academic paper-equation reconstruction with explicit radius and Case-C protocol conflicts; no author-source or author-exact numerical claim
R06	R	KEY40	REV1	REV2	2016	Wake Effect Modeling: A Review of Wind Farm Layout Optimization Using Jensen's Model	Rabia Shakoor and Mohammad Yusri Hassan and Abdur Raheem and Yuan-Kang Wu	Renewable and Sustainable Energy Reviews	10.1016/j.rser.2015.12.229	2016_Shakoor_Wake_Effect_Modeling_A_Review_of_Wind_Farm_Layout_Optimization_Using_Jensen_s_Model.pdf	d56fbce6442f79f3de556fe5f154952289316b30b1a25b33381fa7257e41f206	local_primary_pdf_hashed	review_evidence_package	review_evidence_taxonomy_and_protocol	not_applicable	r06_review_evidence_v1	not_applicable	r06_review_evidence_v1	r06_review_protocol_v1	REV1	queued_evidence_dossier	review evidence and taxonomy package; no invented optimizer
T03	D	CORE-SUPPORT	REV1	NONE	2010	Design of Wind Farm Layout for Maximum Wind Energy Capture	Andrew Kusiak and Zhe Song	Renewable Energy	10.1016/j.renene.2009.08.019	2010_Kusiak_Design_of_Wind_Farm_Layout_for_Maximum_Wind_Energy_Capture.pdf	929acaea729ee193363563f301664a879e9bd04f7d4623efc81f03d831c0b482	local_primary_pdf_hashed	new_direct_ready	problem_definition_or_comparison_protocol	Kusiak strength-Pareto evolution strategy	circular fixed-count 2-6 turbine expected-power WFLOP	t03_kusiak_spea_es_declared_v1	t03_kusiak_circular_expected_power_v1	t03_kusiak_2scenario_5count_25repeat_v1	REV1	formal_complete	academic paper-equation reconstruction with declared SPEA edge-case completion; no author-source or author-exact numerical claim
T01	D	KEY40	REV1	REV3	1994	Optimization of Wind Turbine Positioning in Large Windfarms by Means of a Genetic Algorithm	G. Mosetti and C. Poloni and B. Diviacco	Journal of Wind Engineering and Industrial Aerodynamics	10.1016/0167-6105(94)90080-9	1994_Mosetti_Optimization_of_Wind_Turbine_Positioning_in_Large_Windfarms_by_Means_of_a_Genetic_Algorithm.pdf	3b385bf813ef0ea1e26af985a759ca7d2411d516f582b15f5b7fa264a6bd0e40	local_primary_pdf_hashed	new_direct_ready	problem_definition_or_comparison_protocol	Mosetti binary genetic algorithm	Mosetti 10x10 Jensen historical cases A-B-C	t01_mosetti_ga_declared_v1	core99_mosetti_grady_historical_grid_v1	t01_mosetti_A_B_C_25repeat_v1	REV1	formal_complete	academic paper-equation reconstruction with registered partial-wake and GA-control completions; no author-source or author-exact numerical claim
T04	D	KEY40	REV1	NONE	2012	Unrestricted Wind Farm Layout Optimization: Investigating Key Factors Influencing the Maximum Power Generation	Souma Chowdhury and Jie Zhang and Achille Messac and Luciano Castillo	Renewable Energy	10.1016/j.renene.2011.06.033	2012_Chowdhury_Unrestricted_Wind_Farm_Layout_Optimization_Investigating_Key_Factors_Influencing_the_Maximum_Power_Generation.pdf	978721c33e7cfa4f9d9e0d9bd83fff0a081f9eec24f50ee2b65e29dbd2d4e244	local_primary_pdf_hashed	new_direct_ready	problem_definition_or_comparison_protocol	UWFLO constrained particle swarm optimizer	continuous layout and variable-rotor UWFLO case suite	t04_uwflo_constrained_pso_declared_v1	t04_uwflo_cases_declared_v1	t04_uwflo_12case_25repeat_v1	REV1	formal_complete	academic paper-equation reconstruction with original-layout magnitude validation and registered spacing completion; no author-source claim
T22	D	KEY40	REV1	REV3	2023	A Comparison of Eight Optimization Methods Applied to a Wind Farm Layout Optimization Problem	Jared J. Thomas and Nicholas F. Baker and Paul Malisani and Erik Quaeghebeur and Sebastian Sanchez Perez-Moreno and John Jasa and Christopher Bay and Federico Tilli and David Bieniek and Nick Robinson and Andrew P. J. Stanley and Wesley Holt and Andrew Ning	Wind Energy Science	10.5194/wes-8-865-2023	2023_Thomas_A_Comparison_of_Eight_Optimization_Methods_Applied_to_a_Wind_Farm_Layout_Optimization_Problem.pdf	cd11bacbe4446a32a7d1c8bc7a2560ed2201597f6f8a894f51bbaff4f678a786	local_primary_pdf_hashed	new_direct_ready	problem_definition_or_comparison_protocol	pending_full_text_contract	pending_full_text_contract	t22_method_pending_contract	t22_problem_pending_contract	t22_protocol_pending_contract	REV1	queued_full_text_contract	scope and primary PDF verified; scientific contract pending paper/source reconciliation
T14	D	CORE-SUPPORT	REV1	REV5	2019	Massive Simplification of the Wind Farm Layout Optimization Problem	Andrew P. J. Stanley and Andrew Ning	Wind Energy Science	10.5194/wes-4-663-2019	2019_Stanley_Massive_Simplification_of_the_Wind_Farm_Layout_Optimization_Problem.pdf	37f4b2804490f22bd46bb8e67fa318363f80bcfc67ddb521ee8406ebaf339c11	local_primary_pdf_hashed	new_direct_ready	problem_definition_or_comparison_protocol	boundary-grid variable-reduction parameterization	seven spacing, wind-rose and equal-area boundary WFLOP cases	t14_boundary_grid_parameterization_v1	t14_stanley_2019_seven_unique_cases_v1	t14_seven_case_three_representation_100start_v1	REV1	formal_complete	academic declared reproduction of the target parameterization and paper-native protocol using a registered deterministic parallel optimizer; no author-SNOPT or exact numerical replay claim
R03	R	KEY40	REV1	NONE	2014	A Review and Recent Developments in the Optimal Wind-Turbine Micro-Siting Problem	Javier Serrano González and Manuel Burgos Payán and Jesús Manuel Riquelme Santos and Francisco González-Longatt	Renewable and Sustainable Energy Reviews	10.1016/j.rser.2013.09.027	2014_Gonzalez_A_Review_and_Recent_Developments_in_the_Optimal_Wind_Turbine_Micro_Siting_Problem.pdf	4ecb047778b463800afa4cf34c7f50bb1760521d7908724060fa749f2d4e7d88	local_primary_pdf_hashed	review_evidence_package	review_evidence_taxonomy_and_protocol	not_applicable	r03_review_evidence_v1	not_applicable	r03_review_evidence_v1	r03_review_protocol_v1	REV1	queued_evidence_dossier	review evidence and taxonomy package; no invented optimizer
T12	D	KEY40	REV1	NONE	2018	Evolutionary Computation for Wind Farm Layout Optimization	Dennis Wilson and Silvio Rodrigues and Carlos Segura and Ilya Loshchilov and Frank Hutter and Guillermo López Buenfil and Ahmed Kheiri and Ed Keedwell and Mario Ocampo-Pineda and Ender Özcan and Sergio Ivvan Valdez Peña and Brian Goldman and Salvador Botello Rionda and Arturo Hernández-Aguirre and Kalyan Veeramachaneni and Sylvain Cussat-Blanc	Renewable Energy	10.1016/j.renene.2018.03.052	2018_Wilson_Evolutionary_Computation_for_Wind_Farm_Layout_Optimization.pdf	b5ca7e653598092defe0f91c6c48d0ca8c0832f097f0b389c289287a1d53ddd5	local_primary_pdf_hashed	new_direct_ready	problem_definition_or_comparison_protocol	pending_full_text_contract	pending_full_text_contract	t12_method_pending_contract	t12_problem_pending_contract	t12_protocol_pending_contract	REV1	queued_full_text_contract	scope and primary PDF verified; scientific contract pending paper/source reconciliation
T15	D	KEY40	REV1	REV2,REV3	2019	Best Practices for Wake Model and Optimization Algorithm Selection in Wind Farm Layout Optimization	Nicholas F. Baker and Andrew P. Stanley and Jared J. Thomas and Andrew Ning and Katherine Dykes	AIAA SciTech 2019 Forum	10.2514/6.2019-0540	2019_Baker_Best_Practices_for_Wake_Model_and_Optimization_Algorithm_Selection_in_Wind_Farm_Layout_Optimization.pdf	94bf1070222d01cb8ad1875da47919fac4e0d3e6f59425a1aa25dddc7420dcfc	local_primary_pdf_hashed	new_direct_ready	problem_definition_or_comparison_protocol	IEA37 comparison and ranking protocol	IEA37 case-study-1 three farms and case-study-2 cross-model matrix	t15_iea37_comparison_protocol_v1	t15_iea37_cs1_three_farms_cs2_cross_model_v1	t15_iea37_33layout_full_matrix_v1	REV1	formal_complete	academic benchmark and comparison-protocol reproduction; participant optimizers and private wake models remain outside the paper target
R09	R	KEY40	REV1	REV2,REV4	2020	Nonuniform Wind Farm Layout Optimization: A State-of-the-Art Review	Siyu Tao and Qingshan Xu and Andrés Feijóo and Gang Zheng and Jiemin Zhou	Energy	10.1016/j.energy.2020.118339	2020_Tao_Nonuniform_Wind_Farm_Layout_Optimization_A_State_of_the_Art_Review.pdf	20fd245c93998f94e7068f308c1e86681475316946a08d16682e44ec26f8aa42	local_primary_pdf_hashed	review_evidence_package	review_evidence_taxonomy_and_protocol	not_applicable	r09_review_evidence_v1	not_applicable	r09_review_evidence_v1	r09_review_protocol_v1	REV1	queued_evidence_dossier	review evidence and taxonomy package; no invented optimizer
R11	R	CORE-SUPPORT	REV1	REV2	2021	Review on Optimisation Methods of Wind Farm Array under Three Classical Wind Condition Problems	F. Azlan and J.C. Kurnia and B.T. Tan and M.-Z. Ismadi	Renewable and Sustainable Energy Reviews	10.1016/j.rser.2020.110047	2021_Azlan_Review_on_Optimisation_Methods_of_Wind_Farm_Array_under_Three_Classical_Wind_Condition_Problems.pdf	aec06efcf62ab767d09e4a2e19fde5a2a4ba87b2aa11b3866f920743c20743b2	local_primary_pdf_hashed	review_evidence_package	review_evidence_taxonomy_and_protocol	not_applicable	r11_review_evidence_v1	not_applicable	r11_review_evidence_v1	r11_review_protocol_v1	REV1	queued_evidence_dossier	review evidence and taxonomy package; no invented optimizer
T20	D	CORE-SUPPORT	REV1	REV3	2022	Comparative Performance of Twelve Metaheuristics for Wind Farm Layout Optimisation	Tawatchai Kunakote and Numchoak Sabangban and Sumit Kumar and Ghanshyam G. Tejani and Natee Panagant and Nantiwat Pholdee and Sujin Bureerat and Ali R. Yildiz	Archives of Computational Methods in Engineering	10.1007/s11831-021-09586-7	2022_Kunakote_Comparative_Performance_of_Twelve_Metaheuristics_for_Wind_Farm_Layout_Optimisation.pdf	7a07c4f8ac5dbc469591b7a970668455f6bc21bb912f976bae0dd41e1fc5524f	local_primary_pdf_hashed	new_direct_ready	problem_definition_or_comparison_protocol	comparison protocol without a target optimizer	four variable/fixed-count hub/partial-wake problems	t20_comparison_protocol_no_target_optimizer_v1	t20_kunakote_four_case_benchmark_declared_v1	t20_four_problem_25000fes_full_suite_v1	REV1	formal_complete	academic reproduction of the proposed four problems and comparison interface; twelve non-target baselines are outside the required package
R21	R	AUTHOR-CONTEXT	REV1	NONE	2020	A review of applications of artificial intelligent algorithms in wind farms	Yirui Wang and Yang Yu and Shuyang Cao and Xingyi Zhang and Shangce Gao	Artificial Intelligence Review	10.1007/s10462-019-09768-7	2020_Wang_A_review_of_applications_of_artificial_intelligent_algorithms_in_wind_farms.pdf	14ca5b7708c20048e3961f696ccf53396b261d25779981723a7f52ec4a9b03c3	local_primary_pdf_hashed	review_evidence_package	review_evidence_taxonomy_and_protocol	not_applicable	r21_review_evidence_v1	not_applicable	r21_review_evidence_v1	r21_review_protocol_v1	REV1	queued_evidence_dossier	review evidence and taxonomy package; no invented optimizer
R04	R	CORE-SUPPORT	REV1	NONE	2014	A Review of Methodological Approaches for the Design and Optimization of Wind Farms	José Herbert-Acero and Oliver Probst and Pierre-Elouan Réthoré and Gunner Larsen and Krystel Castillo-Villar	Energies	10.3390/en7116930	2014_Herbert_Acero_A_Review_of_Methodological_Approaches_for_the_Design_and_Optimization_of_Wind_Farms.pdf	f60f5193bcc6a1bddbeb3e4be843ff417b6cb2bb1fde7ab33a33f104feea8916	local_primary_pdf_hashed	review_evidence_package	review_evidence_taxonomy_and_protocol	not_applicable	r04_review_evidence_v1	not_applicable	r04_review_evidence_v1	r04_review_protocol_v1	REV1	queued_evidence_dossier	review evidence and taxonomy package; no invented optimizer
T48	D	CORE-SUPPORT	REV1	REV4	2007	An Analytical Framework for Offshore Wind Farm Layout Optimization	Matthew A. Lackner and Christopher N. Elkinton	Wind Engineering	10.1260/030952407780811401	2007_Lackner_An_Analytical_Framework_for_Offshore_Wind_Farm_Layout_Optimization.pdf	bc304c8cef8ec10326ce45d67320798a38a8e0564b405d028a3c3b4a8fa97d4d	local_primary_pdf_hashed	new_direct_ready	problem_definition_or_comparison_protocol	declared coordinate-gradient reconstruction	two-turbine offshore LCOE analytical framework	t48_lackner_gradient_coordinate_reconstruction_v1	t48_lackner_two_turbine_lcoe_declared_v1	t48_lackner_190iteration_deterministic_v1	REV1	formal_complete	academic reconstruction of the analytical framework and deterministic demonstration; no author-source or exact hidden-data replay
T62	D	KEY40	REV2	NONE	2016	Optimization of Wind Turbine Layout Position in a Wind Farm Using a Newly-Developed Two-Dimensional Wake Model	Xiaoxia Gao and Hongxing Yang and Lin Lu	Applied Energy	10.1016/j.apenergy.2016.04.098	2016_Gao_Optimization_of_Wind_Turbine_Layout_Position_in_a_Wind_Farm_Using_a_Newly_Developed_Two_Dimensional_Wake_Model.pdf	7e79a2a5db4f3d1360dfd55d04ee1d266c1e9b324aa9f214dddc7fac2902f1db	local_primary_pdf_hashed	new_direct_ready	wake_power_cost_or_physical_evaluator	Jensen-Gaussian wake plus MPGA	t62_gao_case_b_grid_jensen_gaussian_v1	t62_mpga_declared_reconstruction_v1	t62_gao_case_b_grid_jensen_gaussian_v1	t62_gao_case_b_native_25_v1	REV2	implemented_h5_pending	H0-H4 complete; conflicts and declared reconstruction recorded; H5-H6 pending
R07	R	KEY40	REV2	REV1,REV4	2018	Review and Evaluation of Wake Loss Models for Wind Energy Applications	Cristina L. Archer and Ahmadreza Vasel-Be-Hagh and Chi Yan and Sicheng Wu and Yang Pan and Joseph F. Brodie and A. Eoghan Maguire	Applied Energy	10.1016/j.apenergy.2018.05.085	2018_Archer_Review_and_Evaluation_of_Wake_Loss_Models_for_Wind_Energy_Applications.pdf	4b5b42371c3eeeccd4d07ab383b7595203f71186458ac538154a63e8b2913652	local_primary_pdf_hashed	review_evidence_package	review_evidence_taxonomy_and_protocol	not_applicable	r07_review_evidence_v1	not_applicable	r07_review_evidence_v1	r07_review_protocol_v1	REV2	queued_evidence_dossier	review evidence and taxonomy package; no invented optimizer
T17	D	KEY40	REV2	REV1,REV3,REV4,REV5	2020	A New Wake Model and Comparison of Eight Algorithms for Layout Optimization of Wind Farms in Complex Terrain	Roberto Brogna and Ju Feng and Jens Nørkær Sørensen and Wen Zhong Shen and Fernando Porté-Agel	Applied Energy	10.1016/j.apenergy.2019.114189	2020_Brogna_A_New_Wake_Model_and_Comparison_of_Eight_Algorithms_for_Layout_Optimization_of_Wind_Farms_in_Complex_Terrain.pdf	f09a0baaf12f9cd719f16ece29e4feb5bbf3c4bc27204bccaa8fb76504bc4c65	local_primary_pdf_hashed	new_direct_ready	wake_power_cost_or_physical_evaluator	complex-terrain Gaussian streamline wake plus double-stage RS	t17_brogna private-site equations with open PyWake flow proxy	t17_double_stage_rs_declared_reconstruction_v1	t17_brogna_private_site_open_flow_proxy_v1	t17_double_stage_cpu_time_11_starts_v1	REV2	implemented_h5_admitted_h6_pending	academic declared reproduction of equations, domain, constraints, double-stage lifecycle, and open-proxy behavior; not private-site replay
T63	D	KEY40	REV2	REV4	2016	Wind Farm Layout Optimization on Complex Terrains – Integrating a CFD Wake Model with Mixed-Integer Programming	Jim Y.J. Kuo and David A. Romero and J. Christopher Beck and Cristina H. Amon	Applied Energy	10.1016/j.apenergy.2016.06.085	2016_Kuo_Wind_Farm_Layout_Optimization_on_Complex_Terrains_Integrating_a_CFD_Wake_Model_with_Mixed_Integer_Programming.pdf	7c4f515af4da82bb235045871b132f05d66f2760a2de0f61faef38b82aed8155	local_primary_pdf_hashed	new_direct_ready	wake_power_cost_or_physical_evaluator	iterative CFD-row and exact MILP coupling via pinned HiGHS	Carleton 20x20 figure proxy with terrain-aware single-turbine surrogate	t63_iterative_cfd_mip_highs_reconstruction_v1	t63_carleton_figure_proxy_cfd_surrogate_v1	t63_relaxation_five_case_convergence_v1	REV2	implemented_h5_admitted_h6_pending	academic declared equation/problem/lifecycle reproduction on figure/surrogate proxy; not author CFD, Gurobi, or numerical replay
T16	D	KEY40	REV2	REV3	2019	Comparison of Wind Farm Layout Optimization Results Using a Simple Wake Model and Gradient-Based Optimization to Large Eddy Simulations	Jared J. Thomas and Jennifer Annoni and Paul A. Fleming and Andrew Ning	AIAA SciTech 2019 Forum	10.2514/6.2019-0538	2019_Thomas_Comparison_of_Wind_Farm_Layout_Optimization_Results_Using_a_Simple_Wake_Model_and_Gradient_Based_Optimization_to_Large_Eddy_Simulations.pdf	fa92fb9deeadf669d8d2ea3e7eb3b351bf1067b8012161c57c4caca23b04614e	local_primary_pdf_hashed	new_direct_ready	wake_power_cost_or_physical_evaluator	pending_full_text_contract	pending_full_text_contract	t16_method_pending_contract	t16_problem_pending_contract	t16_protocol_pending_contract	REV2	queued_full_text_contract	scope and primary PDF verified; scientific contract pending paper/source reconciliation
L0124	D	KEY40	REV2	NONE	2017	Wind farm layout optimization using a Gaussian-based wake model	Leandro Parada and Carlos Herrera and Paulo Flores and Vı́ctor Parada	Renewable Energy	10.1016/j.renene.2017.02.017	2017_Parada_Wind_farm_layout_optimization_using_a_Gaussian_based_wake_model.pdf	93f7f26addb86183c792f5178790116ad932574f7a055b95d2dbf7ede8a678e6	local_primary_pdf_hashed	new_direct_ready	wake_power_cost_or_physical_evaluator	MI-LXPM with target-paper elite survival completion	six Gaussian-wake Mosetti/Grady cases	l0124_mi_lxpm_target_survival_completed_v1	l0124_parada_gaussian_grid_v1	l0124_six_cases_five_repeats_500_generations	REV2	implemented_h5_admitted_h6_and_formal_queued	academic declared reproduction of the six paper problems, equations and predecessor-completed MI-LXPM; not author-source, author-random-state or exact-layout replay
T87	D	CORE-SUPPORT	REV2	REV4	2023	Wind Farm Layout Optimization in Complex Terrain Based on CFD and IGA-PSO	Weicheng Hu and Qingshan Yang and Ziting Yuan and Fucheng Yang	Energy	10.1016/j.energy.2023.129745	2023_Hu_Wind_Farm_Layout_Optimization_in_Complex_Terrain_Based_on_CFD_and_IGA_PSO.pdf	83182bf0fa4e7e604543e9a89a682be76ef3f4264fe1aa3c0b2de78a34a85ec6	local_primary_pdf_hashed	new_direct_ready	wake_power_cost_or_physical_evaluator	IGA-PSO with predecessor-completed missing operators	four Qianjiang figure-proxy wake/cost cases	t87_iga_pso_predecessor_completed_v1	t87_qianjiang_figure_proxy_v1	t87_four_cases_ten_declared_seeds_320400_proposals	REV2	implemented_h5_admitted_h6_and_formal_queued	academic declared reproduction of the four paper problems and predecessor-completed IGA-PSO on a versioned figure-derived proxy; not author CFD, measured data, source, random state, or exact numerical replay
L0371	D	CORE-SUPPORT	REV2	NONE	2021	Influence of atmospheric stability on wind farm layout optimization based on an improved Gaussian wake model	Naizhi Guo and Mingming Zhang and Bo Li and Yu Cheng	Journal of Wind Engineering and Industrial Aerodynamics	10.1016/j.jweia.2021.104548	2021_Guo_Influence_of_atmospheric_stability_on_wind_farm_layout_optimization_based_on_an_improved_Gaussian_wake_model.pdf	227ac3844dd69fda900fc882595e39dfe08eb4483d889a31642c6b032c277e66	local_primary_pdf_hashed	new_direct_ready	wake_power_cost_or_physical_evaluator	IET-GWM plus DEEM	ideal atmospheric-stability cases and Horns Rev	l0371_deem_predecessor_completed_v1	l0371_ideal_ietgwm_grid_v1|l0371_horns_ietgwm_grid_proxy_v1	l0371_29case_30repeat_150000fes_v1	REV2	implemented_h5_admitted_h6_and_formal_queued	academic declared reproduction of all 29 paper-native problem/stability combinations and predecessor-completed DEEM; not author code, private arrays, exact grid, random state or exact numerical replay
L0499	D	CORE-SUPPORT	REV2	REV4	2022	Wind farm layout optimization with uncertain wind condition	Wen Yi and Mengxuan Song and Jun Wang	Energy Conversion and Management	10.1016/j.enconman.2022.115347	2022_Yi_Wind_farm_layout_optimization_with_uncertain_wind_condition.pdf	268c05c8a936f1b13cfb48515f25df402c533a28f372bdf152addb523bafa184	local_primary_pdf_hashed	new_direct_ready	wake_power_cost_or_physical_evaluator	Dirichlet-Multinomial CVaR fixed-count binary GA	simulated and 41-station uncertain-wind grids	l0499_fixed_count_binary_ga_completed_v1	l0499_case_a_dm_cvar_grid_v1|l0499_case_b_ndawn41_proxy_dm_cvar_grid_v1	l0499_126case_20repeat_20032fes_v1	REV2	implemented_h5_admitted_h6_and_formal_queued	academic declared reproduction of the paper equations, all objective variants and all 42 problem records; not author code, NDAWN arrays, exact GA settings, random state or numerical replay
L0590	D	CORE-SUPPORT	REV2	REV4	2023	Wind farm layout and hub height optimization with a novel wake model	Haiying Sun and Hongxing Yang	Applied Energy	10.1016/j.apenergy.2023.121554	2023_Sun_Wind_farm_layout_and_hub_height_optimization_with_a_novel_wake_model.pdf	db8eb9eaf64ba9fe6e3fb9934e7e2536ae57f08294185edeca3d10beff4cebe5	local_primary_pdf_hashed	new_direct_ready	wake_power_cost_or_physical_evaluator	3-5-6-1 ANN wake plus real-coded GA	eight Shiren energy and cost layout-height cases	l0590_real_ga_completed_v1	l0590_shiren_3d_ann_layout_height_v1	l0590_8case_25repeat_paper_generations_v1	REV2	implemented_h5_admitted_h6_and_formal_queued	academic declared reproduction of every named paper case and the paper/cited equations; not author code, private Shiren data, author-trained weights, exact GA, exact cost curve or numerical replay
L0341	D	CORE-SUPPORT	REV2	REV4	2020	Wind farm layout optimization with a three-dimensional Gaussian wake model	Siyu Tao and Qingshan Xu and Andrés Feijóo and Gang Zheng and Jiemin Zhou	Renewable Energy	10.1016/j.renene.2020.06.003	2020_Tao_Wind_farm_layout_optimization_with_a_three_dimensional_Gaussian_wake_model.pdf	385658381f3af634dc47ceafef8d03ece5cd6c0084eb0289da4810941b72fbd8	local_primary_pdf_hashed	new_direct_ready	wake_power_cost_or_physical_evaluator	3-D Gaussian wake plus mixed-discrete PSO	ten uniform and nonuniform three-farm wind-scenario cases	l0341_mdpso_predecessor_completed_v1	l0341_three_farm_3d_gaussian_v1	l0341_10case_25repeat_paper_iterations_v1	REV2	implemented_h5_admitted_h6_and_formal_queued	academic declared reproduction of the target equations, MDPSO and ten unique paper optimization combinations; not author source, exact private figure arrays or curves, exact variable-cardinality encoding or numerical replay
L0623	D	CORE-SUPPORT	REV2	REV3	2024	An optimization framework for wind farm layout design using CFD-based Kriging model	Zhenfan Wang and Yu Tu and Kai Zhang and Zhaolong Han and Yong Cao and Dai Zhou	Ocean Engineering	10.1016/j.oceaneng.2023.116644	2024_Wang_An_optimization_framework_for_wind_farm_layout_design_using_CFD_based_Kriging_model.pdf	5f935a0fe7641d463c9af66baa0087c7bda95c3b3def39a7388f143800be47ea	local_primary_pdf_hashed	new_direct_ready	wake_power_cost_or_physical_evaluator	adaptive Kriging-GA with declared ADM/Gaussian truth proxy	three eight-turbine flat and Gaussian-hill source-figure cases	l0623_adaptive_kriging_ga_completed_v1	l0623_case1_flat_single_proxy_v1|l0623_case2_flat_windrose_proxy_v1|l0623_case3_gaussian_hill_windrose_proxy_v1	l0623_3case_25repeat_paper_truth_calls_v1	REV2	implemented_h5_admitted_h6_and_formal_queued	academic declared reproduction of the paper problem, adaptive Kriging-GA method and all three cases on a versioned ADM/Gaussian truth proxy; not OpenFOAM CFD, author code/data/meshes, exact operators, random state, AEP or numerical replay
Y36	D	AUTHOR-LINEAGE	REV2	REV5	2026	Transformer Autoencoder-Assisted Evolutionary Framework for Constrained Multiobjective 3D Wind Farm Layout Optimization	Yuhang Ma and Shangce Gao and Anqi Pan and Bo Shen	IEEE/CAA Journal of Automatica Sinica	10.1109/jas.2026.126233	2026_Ma_Transformer_Autoencoder_Assisted_Evolutionary_Framework_for_Constrained_Multiobjective_3D_Wind_Farm_Layout_Optimization.pdf	243dd96dfa94a3d596f375a6c62e58015c735171958778d816b6afdbf99cd35b	local_primary_pdf_hashed	retained_direct	retained_target_contribution	TAAE	taae_zhangbei_structured_declared_proxy_v1	taae_transformer_evolution_declared_reconstruction_v1	taae_zhangbei_structured_declared_proxy_v1	ma2026_native_25_v1	REV2	retained_plan005_package	P3 structured Zhangbei-family reconstruction; author arrays and checkpoint remain unavailable
L0608	D	AUTHOR-LINEAGE	REV2	NONE	2024	A Novel Adaptive LSHADE Algorithm for Wind Farm Layout Optimization with Complex Wake Effect	Jiatianyi Yu and Baohang Zhang and Qianhang Du and W. W. Wang and Zhenyu Lei and Shangce Gao	Official proceedings record	10.1109/pic62406.2024.10892732	2024_Yu_A_Novel_Adaptive_LSHADE_Algorithm_for_Wind_Farm_Layout_Optimization_with_Complex_Wake_Effect.pdf	c54147a5b5ceb4d1ff0bfc4fd2ec7d17d3bdf3b866a2ab01b5f02d8ddec85fd3	local_primary_pdf_hashed	retained_direct	retained_target_contribution	A-LSHADE	alshade_complex_wake_117	alshade_paper_derived_e0_physical_fes_v1	alshade_complex_wake_117_v1	pic2024_alshade_native_25_v1	REV2	retained_plan005_package	P1 paper-declared WC1-WC3 x N15/20/25 x L0-L12 contract is executable; comparator closure and H0-H6 admission remain required
T80	D	CORE-SUPPORT	REV3	REV1,REV2	2022	Wind Farm Layout Optimization Using Adaptive Evolutionary Algorithm with Monte Carlo Tree Search Reinforcement Learning	Fangyun Bai and Xinglong Ju and Shouyi Wang and Wenyong Zhou and Feng Liu	Energy Conversion and Management	10.1016/j.enconman.2021.115047	2022_Bai_Wind_Farm_Layout_Optimization_Using_Adaptive_Evolutionary_Algorithm_with_Monte_Carlo_Tree_Search_Reinforcement_Learning.pdf	89c73e7f261cbed357fa199f94e91d6c872b7c5227643296364b9608fa720f34	local_primary_pdf_hashed	new_direct_ready	optimization_search_or_learning_method	AGA with single-player MCTS relocation and declared missing-field completions	twelve Case-I grid/wind/spacing combinations and one New Jersey figure-derived proxy	t80_aga_spmcts_declared_completion_v1	t80_case1_grid60_12cases_v1|t80_case2_new_jersey_figure_proxy_v1	t80_13case_10repeat_pop100_outer200_mcts200_v1	REV3	h5_admitted_h6_and_formal_queued	academic paper/predecessor reconstruction; New Jersey is a figure-derived proxy, not author wind data, code or numerical replay
T74	D	CORE-SUPPORT	REV3	REV5	2019	Wind Farm Layout Optimization Using Self-Informed Genetic Algorithm with Information Guided Exploitation	Xinglong Ju and Feng Liu	Applied Energy	10.1016/j.apenergy.2019.04.084	2019_Ju_Wind_Farm_Layout_Optimization_Using_Self_Informed_Genetic_Algorithm_with_Information_Guided_Exploitation.pdf	62f93d5942ddbc2fd7e94eebf52544de9da3147b55729fd643034362f5004c6f	local_primary_pdf_hashed	new_direct_ready	optimization_search_or_learning_method	SIGA with paper-primary and source-normal-threshold variants	21x21 grid; 60 GE-1.5sle turbines; five wind cases x three cell widths	t74_siga_paper_probability_v1|t74_siga_source_normal_threshold_v1	t74_grid60_case1_case5_small_medium_large_v1	t74_15case_30repeat_10000mc_pop100_gen200_v1	REV3	implemented_h5_admitted_h6_and_formal_queued	academic paper/source reconstruction with regenerated initial, Monte-Carlo and MARS artifacts; not author numerical or random-bitstream replay
T42	D	KEY40	REV3	NONE	2024	Reinforcement Learning-Based Particle Swarm Optimization for Wind Farm Layout Problems	Zihang Zhang and Jiayi Li and Zhenyu Lei and Qianyu Zhu and Jiujun Cheng and Shangce Gao	Energy	10.1016/j.energy.2024.134050	2024_Zhang_Reinforcement_Learning_Based_Particle_Swarm_Optimization_for_Wind_Farm_Layout_Problems.pdf	1b7ef1911323fcffb3c48f4ff3321c29c0bcbcd2911a3972116c531c7eb57249	local_primary_pdf_hashed	retained_direct	retained_target_contribution	RLPSO	rpso2024_source_problem_ws1_ws4	rlpso_paper_corrected_training_reconstruction_v1	rpso2024_source_problem_ws1_ws4	energy2024_rlpso_native_25_v1	REV3	retained_plan005_package	Official source has no license and conflicts with paper in action step, seed, and PPO lifecycle; both variants remain separate
T37	D	KEY40	REV3	NONE	2022	An Adaptive Replacement Strategy-Incorporated Particle Swarm Optimizer for Wind Farm Layout Optimization	Zhenyu Lei and Shangce Gao and Yirui Wang and Yang Yu and Lijun Guo	Energy Conversion and Management	10.1016/j.enconman.2022.116174	2022_Lei_An_Adaptive_Replacement_Strategy_Incorporated_Particle_Swarm_Optimizer_for_Wind_Farm_Layout_Optimization.pdf	3d4551b28aaa912f82f0d13dd953e37c1e98589c8d6bb4f2735fae76b9f9722e	local_primary_pdf_hashed	retained_direct	retained_target_contribution	AGPSO	agpso_aiga_hgpso_landuse_156	agpso_paper_staged_parallel_e0_physical_fes_v1	agpso_aiga_hgpso_landuse_156_v1	enconman2022_agpso_native_25_v1	REV3	retained_plan005_package	Paper-staged semantics are primary; native 4x3x13 cases are distinct from FODE 50-case transfer and source ordering remains a separate replay identity
T05	D	KEY40	REV3	REV2	2014	A New Mathematical Programming Approach to Optimize Wind Farm Layouts	S.D.O. Turner and D.A. Romero and P.Y. Zhang and C.H. Amon and T.C.Y. Chan	Renewable Energy	10.1016/j.renene.2013.10.023	2014_Turner_A_New_Mathematical_Programming_Approach_to_Optimize_Wind_Farm_Layouts.pdf	06ed7e56a21e2ad7d9480985029adb334f2f64f742b7533072f494126d553be1	local_primary_pdf_hashed	new_direct_ready	optimization_search_or_learning_method	QIP and equivalent MILP with neighboring-K bound and declared open-solver reconstruction	six Case-A/B/C fixed-cardinality 10x10 paper cases	t05_turner_qip_milp_bounding_declared_open_solver_v1	t05_case_a_grid100_v1|t05_case_b_grid100_v1|t05_case_c_figure5_digitized_grid100_v1	t05_six_native_cases_one_deterministic_run_v1	REV3	h5_admitted_h6_and_formal_queued	academic equation-level reconstruction; not CPLEX, author code, exact Figure-5 data, numerical replay, or an optimality claim after node-limit exhaustion
T07	D	KEY40	REV3	NONE	2015	Layout Optimization for Maximizing Wind Farm Power Production Using Sequential Convex Programming	Jinkyoo Park and Kincho H. Law	Applied Energy	10.1016/j.apenergy.2015.03.139	2015_Park_Layout_Optimization_for_Maximizing_Wind_Farm_Power_Production_Using_Sequential_Convex_Programming.pdf	3cb643c1aa8585ce539bb170c78dc50f0da36a2cd8dd10734e880e70eba1ced3	local_primary_pdf_hashed	new_direct_ready	optimization_search_or_learning_method	explicit trust-region SCP with damped BFGS and declared open-QP reconstruction	Horns Rev 1 80-turbine single-direction expected-wind and wake-expansion cases	t07_explicit_scp_open_qp_declared_v1	t07_hornsrev80_single_direction_v1|t07_hornsrev80_expected_wind_v1|t07_hornsrev80_k_sensitivity_v1	t07_nine_paper_cases_one_deterministic_run_v1	REV3	h5_admitted_h6_and_formal_queued	academic equation-level reconstruction with declared geometry quadrature wind-bin and open-QP completions; not author source or numerical replay
T77	D	CORE-SUPPORT	REV3	REV5	2020	A Data-Driven Evolutionary Algorithm for Wind Farm Layout Optimization	Huan Long and Peikun Li and Wei Gu	Energy	10.1016/j.energy.2020.118310	2020_Long_A_Data_Driven_Evolutionary_Algorithm_for_Wind_Farm_Layout_Optimization.pdf	72a5822e535c1a1d88b87503f5add43fe33f9eacb74dd4722724d58a17f9b9b4	local_primary_pdf_hashed	new_direct_ready	optimization_search_or_learning_method	ADE-GRNN with adaptive best mutation and paper-first declared completions	two continuous-coordinate wind scenarios x nine turbine counts	t77_ade_grnn_paper_first_declared_v1	t77_long_ws1_continuous_v1|t77_long_ws2_continuous_v1	t77_18_cases_5_runs_pop40_gen3750_v1	REV3	h5_admitted_h6_and_formal_queued	academic paper-equation and lifecycle reconstruction; not author code raw-data random-bitstream or exact numerical replay
T45	D	KEY40	REV3	REV2,REV4	2025	Multi-Attention-Powered Learning Genetic Algorithm for Real-World 3D Wind Farm Layout Optimization	Jiaru Yang and Yaotong Song and Weiping Ding and Jun Tang and Zhenyu Lei and Shangce Gao	Swarm and Evolutionary Computation	10.1016/j.swevo.2025.102018	2025_Yang_Multi_Attention_Powered_Learning_Genetic_Algorithm_for_Real_World_3D_Wind_Farm_Layout_Optimization.pdf	770b56c0dccbd7683e3c33652d7062c385eb2f00c126d2e9f2a3b7129fdc5872	local_primary_pdf_hashed	retained_direct	retained_target_contribution	ALGA	alga_guishan_3d_declared_proxy_v1	alga_attention_declared_reconstruction_v1	alga_guishan_3d_declared_proxy_v1	swevo2025_alga_native_25_v1	REV3	retained_plan005_package	Original Guishan arrays and learned state are unavailable; current planar transfer cannot satisfy the native paper row
T31	D	KEY40	REV3	REV1,REV4	2022	Variable Neighborhood Search for Large Offshore Wind Farm Layout Optimization	Davide Cazzaro and David Pisinger	Computers & Operations Research	10.1016/j.cor.2021.105588	2022_Cazzaro_Variable_Neighborhood_Search_for_Large_Offshore_Wind_Farm_Layout_Optimization.pdf	dda02e13ea82f47898fffb1bf791128800c042b2db7859daff1d35122c40f851	local_primary_pdf_hashed	new_direct_ready	optimization_search_or_learning_method	PDSP-initialized Basic VNS with ten paper shake strategies	three Mosetti cases plus ten official synthetic offshore sites	t31_pdsp_random_conic_vns_declared_v1	t31_mosetti_threecase_matrix_v1|t31_official_synthetic10_pair_matrix_v1	t31_3x30s_10x3x1h_10x10h_v1	REV3	h5_admitted_h6_and_formal_queued	academic paper/data reconstruction; not author VNS source unpublished parameter random-bitstream or numerical replay
T27	D	KEY40	REV3	REV5	2025	Wind Farm Layout Optimization with Diffusion Models	Yujin Shin and Taeyoung Yun and Sujin Yun and Sungpil Woo and Sunhwan Lim and Jinkyoo Park	ACM SIGKDD 2025	10.1145/3711896.3737181	2025_Shin_Wind_Farm_Layout_Optimization_with_Diffusion_Models.pdf	d4edfb7fc417909141bfcc616d2ed941af6e7c055f738d0b11e635c128a4a26c	local_primary_pdf_hashed	new_direct_ready	optimization_search_or_learning_method	conditional EDM with fully connected GAT, MLP ablation and zero-shot size transfer	NREL 5 MW FLORIS 4.1.1 GCH rectangular fixed and diverse-wind cases	shin2025_conditional_edm_gat_paper_profile_v1	shin2025_floris411_gch_rectangular_v1	shin2025_three_seed_paper_cases_v1	REV3	h5_admitted_h6_and_formal_queued	academic paper-first train-from-scratch reconstruction; not author-original software private-data checkpoint replay or bitwise FLORIS identity
T21	D	KEY40	REV3	NONE	2022	Topology Optimization of Wind Farm Layouts	Nicolò Pollini	Renewable Energy	10.1016/j.renene.2022.06.019	2022_Pollini_Topology_Optimization_of_Wind_Farm_Layouts.pdf	7ebc7c5b628b35d013e91bf714fc660bd7e1c5638dba2f637a764065235096f2	local_primary_pdf_hashed	new_direct_ready	optimization_search_or_learning_method	RAMP-MMA	t21_pollini_two_circle_density_wflop_v1	t21_ramp_mma_declared_reconstruction_v1	t21_pollini_two_circle_density_wflop_v1	pollini2022_topology_native_404_v1	REV3	paper_pair_h5_validated	paper-equation and paper-linked-data academic declared reproduction; H5 admitted, Waffle H6 and 404 target runs pending
T72	D	CORE-SUPPORT	REV3	REV4,REV5	2018	Constrained Multi-Objective Wind Farm Layout Optimization: Novel Constraint Handling Approach Based on Constraint Programming	Sami Yamani Douzi Sorkhabi and David A. Romero and J. Christopher Beck and Cristina H. Amon	Renewable Energy	10.1016/j.renene.2018.03.053	2018_Sorkhabi_Constrained_Multi_Objective_Wind_Farm_Layout_Optimization_Novel_Constraint_Handling_Approach_Based_on_Constraint_Programming.pdf	8042a970ceaf9c0e129625078e6c3e07484fe4d43689182e85214e9c3df93919	local_primary_pdf_hashed	new_direct_ready	optimization_search_or_learning_method	CHCP-NSGA-II	t72_energy_noise_voronoi9_declared_reconstruction_v1	t72_chcp_nsga2_declared_reconstruction_v1	t72_energy_noise_voronoi9_declared_reconstruction_v1	sorkhabi2018_chcp_native_1440_v1	REV3	paper_pair_h5_validated	paper-equation and declared-map academic flexible reproduction; H5 admitted, Waffle H6 and 1440 target runs pending
T60	D	CORE-SUPPORT	REV3	REV1,REV4	2015	Solving the Wind Farm Layout Optimization Problem Using Random Search Algorithm	Ju Feng and Wen Zhong Shen	Renewable Energy	10.1016/j.renene.2015.01.005	2015_Feng_Solving_the_Wind_Farm_Layout_Optimization_Problem_Using_Random_Search_Algorithm.pdf	42f1d54cefc8edd6cf8ef32b93b1a64c2c3016f66e7ea9f8e5a61039f8a99a13	local_primary_pdf_hashed	new_direct_ready	optimization_search_or_learning_method	improved continuous random search with remembered successful turbine and direction	three ideal and three Horns Rev Jensen fixed-count WFLOP families	t60_improved_rs_incremental_v1	t60_ideal_continuous_jensen_v1;t60_hornsrev_jensen_v80_v1	t60_840run_direction_preprocessing_robustness_v1	REV3	paper_pair_h5_validated	source-backed flexible academic reproduction of Algorithm 1 and every native problem and probe family; no author Fortran random-state unavailable-array or exact-number claim
T11	D	CORE-SUPPORT	REV3	REV1	2016	BlockCopy-Based Operators for Evolving Efficient Wind Farm Layouts	Michael Mayo and Chen Zheng	IEEE Congress on Evolutionary Computation 2016	10.1109/cec.2016.7743909	2016_Mayo_BlockCopy_Based_Operators_for_Evolving_Efficient_Wind_Farm_Layouts.pdf	1dc7a1a06f9aec1f15098c8182e978e107b292a613fe4f15dfd2546a032acd2c	local_primary_pdf_hashed	new_direct_ready	optimization_search_or_learning_method	four BlockCopy-containing (1+1)-ES and (5,10)-ES methods	two Kusiak-Song and exact 2014 Competition 1/3 continuous fixed-count WFLOPs	t11_blockcopy_four_es_methods_v1	t11_kusiak_and_2014_competition_four_cases_v1	t11_480run_2000fes_v1	REV3	paper_pair_h5_validated	source-backed flexible academic reproduction of four target methods and all four native problems; no author optimizer random-stream or exact-number claim
L0259	D	CORE-SUPPORT	REV3	NONE	2019	Wind farm layout optimization based on support vector regression guided genetic algorithm with consideration of participation among landowners	Xinglong Ju and Feng Liu and Li Wang and Wei-Jen Lee	Energy Conversion and Management	10.1016/j.enconman.2019.06.082	2019_Ju_Wind_farm_layout_optimization_based_on_support_vector_regression_guided_genetic_algorithm_with_consideration_of_participation_among_landowners.pdf	5b6605a967143073a4da442c6aa50c873562e6c0f5037b822f38a1862a68782f	local_primary_pdf_hashed	new_direct_ready	optimization_search_or_learning_method	SUGGA with paper-primary and source-normal-threshold variants	12x12 landowner-participation grid; D1-D3; L0-L12; N15/20/25	l0259_sugga_paper_probability_v1|l0259_sugga_source_normal_threshold_v1	l0259_landowner12x12_d1d3_n15n25_v1	l0259_117case_100repeat_10000mc_pop120_gen200_v1	REV3	paper_pair_h5_validated	academic paper/source flexible reproduction of SUGGA and all 117 native problems; no author numerical trained-model or random-bitstream claim
T38	D	AUTHOR-LINEAGE	REV3	NONE	2023	A Chaotic Local Search-Based LSHADE with Enhanced Memory Storage Mechanism for Wind Farm Layout Optimization	Yang Yu and Tengfei Zhang and Zhenyu Lei and Yirui Wang and Haichuan Yang and Shangce Gao	Applied Soft Computing	10.1016/j.asoc.2023.110306	2023_Yu_A_Chaotic_Local_Search_Based_LSHADE_with_Enhanced_Memory_Storage_Mechanism_for_Wind_Farm_Layout_Optimization.pdf	7ba8d957399a42f536598dabc548f496f2ae37be1fe21f573476850a9e729d8d	local_primary_pdf_hashed	retained_direct	retained_target_contribution	CLSHADE	clshade_landuse_117	clshade_paper_derived_e0_physical_fes_v1	clshade_landuse_117_v1	asoc2023_clshade_native_25_v1	REV3	retained_plan005_package	Paper-native D1-D3 x N15/20/25 x L0-L12 contract uses 20,000 complete layout evaluations and cannot reuse the FODE transfer
T39	D	AUTHOR-LINEAGE	REV3	NONE	2023	An Improved Spherical Evolution with Enhanced Exploration Capabilities to Address Wind Farm Layout Optimization Problem	Haichuan Yang and Shangce Gao and Zhenyu Lei and Jiayi Li and Yang Yu and Yirui Wang	Engineering Applications of Artificial Intelligence	10.1016/j.engappai.2023.106198	2023_Yang_An_Improved_Spherical_Evolution_with_Enhanced_Exploration_Capabilities_to_Address_Wind_Farm_Layout_Optimization_Problem.pdf	7636d8aed3b5e16ed9512ff4cc1e48b00e38db478b7b1052808d407e8a680f47	local_primary_pdf_hashed	retained_direct	retained_target_contribution	ISE	ise_landuse_117	ise_paper_derived_e0_physical_fes_v1	ise_landuse_117_v1	engappai2023_ise_native_25_v1	REV3	retained_plan005_package	Paper-native P1-P3 x N15/20/25 x L0-L12 uses 154 m cells and 20,000 evaluations; FODE transfer results are not reusable
T46	D	AUTHOR-LINEAGE	REV3	NONE	2025	Probabilistic Bootstrap-Based Evolutionary Algorithm for Three-Objective Wind Farm Turbine Position Optimization	Chen Zhang and Haotian Li and Xiuxian Li and Jiujun Cheng and Zhenyu Lei and Shangce Gao	Swarm and Evolutionary Computation	10.1016/j.swevo.2025.101972	2025_Zhang_Probabilistic_Bootstrap_Based_Evolutionary_Algorithm_for_Three_Objective_Wind_Farm_Turbine_Position_Optimization.pdf	25fce3abb99a4403bb9a1a29b5054185b28c94029e72c6686f572e7e65a89bb6	local_primary_pdf_hashed	retained_direct	retained_target_contribution	MOEA/D-P	zhang2025_three_objective	moead_p_repaired_v1	zhang2025_three_objective	swevo2025_moeadp_native_25_v1	REV3	retained_plan005_package	Local MATLAB bundle contains partial pcode and no redistribution license; C++ evaluator and six-method results remain independently auditable
T30	D	CORE-SUPPORT	REV3	REV5	2016	Proximity Search Heuristics for Wind Farm Optimal Layout	Martina Fischetti and Michele Monaci	Journal of Heuristics	10.1007/s10732-015-9283-4	2016_Fischetti_Proximity_Search_Heuristics_for_Wind_Farm_Optimal_Layout.pdf	2dafae36f55cc0e4a03fa9f09a2e8018eab040ce1f27415b52a595cafbf6e498	local_primary_pdf_hashed	new_direct_ready	optimization_search_or_learning_method	proxy proximity-search heuristic	random50 3000m-square Jensen-SWT WFLOP	fischetti2016_proxy_highs_reconstruction_v1	fischetti2016_random50_jensen_declared_v1	fischetti2016_5x10x7_proxy_v1	REV3	h5_admitted_h6_and_formal_queued	academic paper-first reconstruction; no claim of author code, private-data replay, original-instance replay, or published-number identity
S04	D	AUTHOR-LINEAGE	REV3	REV1	2025	A Reinforcement Learning-Assisted Fractional-Order Differential Evolution for Solving Wind Farm Layout Optimization Problems	Yiliang Wang and Yifei Yang and Sichen Tao and Lianzhi Qi and Hao Shen	Mathematics	10.3390/math13182935	2025_Wang_A_Reinforcement_Learning_Assisted_Fractional_Order_Differential_Evolution_for_Solving_Wind_Farm_Layout_Optimization_Problems.pdf	0b388fb055956837876f5cfffd8320ab88c0bf4ef32d386c2143a0e7b498c9a0	local_primary_pdf_hashed	retained_direct	retained_target_contribution	FQFODE	fode_e0_common	fqfode_seeded_training_declared_reconstruction_v1	fode_wflop_e0_legacy_v1	math2025_fqfode_native_25_v1	REV3	retained_plan005_package	Author Q tables are optional replay evidence; full reproduction regenerates all Q tables from the declared training contract
S03	D	KEY40	REV3	NONE	2025	A State-of-the-Art Fractional Order-Driven Differential Evolution for Wind Farm Layout Optimization	Sichen Tao and Sicheng Liu and Ruihan Zhao and Yifei Yang and Hiroyoshi Todo and Haichuan Yang	Mathematics	10.3390/math13020282	2025_Tao_A_State_of_the_Art_Fractional_Order_Driven_Differential_Evolution_for_Wind_Farm_Layout_Optimization.pdf	aa8ceb7febbf6730da8f048514e692dc5bab6edb9c9cfba4496cc24c1786c661	local_primary_pdf_hashed	retained_direct	retained_target_contribution	FODE	fode_e0_common	fode_e0_physical_fes	fode_wflop_e0_legacy_v1	math2025_fode_native_25_v1	REV3	retained_plan005_package	Accepted quality results are reusable; canonical CLI and current pair-keyed H0-H6 receipt still require consolidation
S05	D	AUTHOR-LINEAGE	REV3	REV4	2026	WFADDE: Weighted Memory, Failure-Archive Sampling, and Adaptive Local Disturbance for Wind Farm Layout Optimization	Bingchao Shi and Chen Yang and Sichen Tao and Chennuo Jin and Yifei Yang	SSRN preprint	10.2139/ssrn.6135326	2026_Shi_WFADDE_Weighted_Memory_Failure_Archive_Sampling_and_Adaptive_Local_Disturbance_for_Wind_Farm_Layout_Optimization.pdf	14029c5e4db959d3702960dedb87a30e7e9119a56378a2b8f80dca8dfa6119a5	local_primary_pdf_hashed	retained_direct	retained_target_contribution	WFADDE	wfadde_native_declared_24	wfadde_preprint_derived_e0_physical_fes_v1	wfadde_native_declared_24_p3_v1	ssrn2026_wfadde_native_25_v1	REV3	retained_plan005_package	P3 preprint-guided 8 wind conditions x N30/50/80 uses hashed same-lineage arrays and remains distinct from unavailable author originals
T41	D	AUTHOR-LINEAGE	REV3	NONE	2024	An Adaptive Strategy-incorporated Integer Genetic Algorithm for Wind Farm Layout Optimization	Tao Zheng and Haotian Li and Houtian He and Zhenyu Lei and Shangce Gao	Journal of Bionic Engineering	10.1007/s42235-024-00498-3	2024_Zheng_An_Adaptive_Strategy_Incorporated_Binary_Genetic_Algorithm_for_Wind_Farm_Layout_Optimization.pdf	656e328266459a42563e7af9fa5872af5124fe65cb9b67a5f3c9e842ab5d2ebb	local_primary_pdf_hashed	retained_direct	retained_target_contribution	AIGA	agpso_aiga_hgpso_landuse_156	aiga_paper_derived_e0_physical_fes_v1	agpso_aiga_hgpso_landuse_156_v1	jbe2024_aiga_native_25_v1	REV3	retained_plan005_package	No author source was found; paper-derived algorithm now pairs with the explicit 4x3x13 native contract rather than FODE transfer
T47	D	AUTHOR-LINEAGE	REV3	NONE	2025	Revolutionizing Wind Energy: A Compact Evolutionary Algorithm for Layout Optimization	Tao Zheng and Zhiwei Yu and Kefan Ni and Baohang Zhang and Zhenyu Lei and Shangce Gao	EITCE 2025	10.1145/3766671.3766786	2025_Zheng_Revolutionizing_Wind_Energy_A_Compact_Evolutionary_Algorithm_for_Layout_Optimization.pdf	a6b1ecb769612cf18466206073bcdeb14741b185d5b9296f6026bbce689717c7	local_primary_pdf_hashed	retained_direct	retained_target_contribution	CIGA	ciga_native_declared_4	ciga_paper_derived_e0_physical_fes_v1	ciga_native_declared_4_p3_v1	eitce2025_ciga_native_25_v1	REV3	retained_plan005_package	P3 four-condition N15 reconstruction uses L0 because the paper does not expose its stated masks; it is never labeled original constrained data
S01	D	AUTHOR-LINEAGE	REV3	NONE	2024	Competitive Elimination Improved Differential Evolution for Wind Farm Layout Optimization Problems	Sichen Tao and Yifei Yang and Ruihan Zhao and Hiroyoshi Todo and Zheng Tang	Mathematics	10.3390/math12233762	2024_Tao_Competitive_Elimination_Improved_Differential_Evolution_for_Wind_Farm_Layout_Optimization_Problems.pdf	bbe1b85d2198d744677a49e1a2624e625aa65a2ff20dc9b7863a47d071f3377b	local_primary_pdf_hashed	retained_direct	retained_target_contribution	CEDE	fode_e0_common	cede_paper_equations_physical_fes_v1	fode_wflop_e0_legacy_v1	math2024_cede_native_25_v1	REV3	retained_plan005_package	Paper FES and two local source reduction directions conflict; identities must remain separate
S02	D	AUTHOR-LINEAGE	REV3	NONE	2024	A Multi-Local Search-Based SHADE for Wind Farm Layout Optimization	Yifei Yang and Sichen Tao and Haotian Li and Haichuan Yang and Zheng Tang	Electronics	10.3390/electronics13163196	2024_Yang_A_Multi_Local_Search_Based_SHADE_for_Wind_Farm_Layout_Optimization.pdf	bc74a046f0206b393b285302693c45514c4c451e6d0d800957f858c502a7c434	local_primary_pdf_hashed	retained_direct	retained_target_contribution	MS-SHADE	msshade_native_declared_16	msshade_paper_equations_physical_fes_v1	msshade_native_declared_16_p3_v1	electronics2024_msshade_native_25_v1	REV3	retained_plan005_package	P3 hashed same-lineage 2-5-direction arrays reconstruct the unpublished random samples; paper roulette and local source blocks remain separate
Y34	D	AUTHOR-LINEAGE	REV3	NONE	2026	Multi-Strategy Synergy-Based Differential Evolution for Large Wind Farm Layout Optimization	Haotian Li and Yifei Yang and Qiong Fu and Zhenyu Lei and Zhe Xu and Shangce Gao	CAAI Transactions on Intelligence Technology	10.1049/cit2.70150	2026_Li_Multi_Strategy_Synergy_Based_Differential_Evolution_for_Large_Wind_Farm_Layout_Optimization.pdf	d3d9e4c13213154bba0242ed45278f4d39b581835d6c6b114a330d30a0d6a6f9	local_primary_pdf_hashed	retained_direct	retained_target_contribution	LSDE	lsde_large_declared_12	lsde_paper_derived_e0_physical_fes_v1	lsde_large_declared_12_p3_v1	cit2026_lsde_native_25_v1	REV3	retained_plan005_package	P3 15x15 x N30/50/100 contract uses hashed same-lineage 4-7-direction arrays because original arrays are unpublished
T82	D	CORE-SUPPORT	REV4	REV2	2022	Wind Farm Layout Optimization to Minimize the Wake-Induced Turbulence Effect on Wind Turbines	Lichao Cao and Mingwei Ge and Xiaoxia Gao and Bowen Du and Baoliang Li and Zhi Huang and Yongqian Liu	Applied Energy	10.1016/j.apenergy.2022.119599	2022_Cao_Wind_Farm_Layout_Optimization_to_Minimize_the_Wake_Induced_Turbulence_Effect_on_Wind_Turbines.pdf	a510f421af5a76142d4f0bb5588a7c329f3aaa4ce777a121f9da95bc325b0a68	local_primary_pdf_hashed	new_direct_ready	coupled_or_real_world_problem_and_method	NSGA-II	t82_cao_power_turbulence_three_case_v1	t82_nsga2_mo_turbulence_declared_reconstruction_v1	t82_cao_power_turbulence_three_case_v1	t82_three_case_nsga2_25seed_v1	REV4	h5_admitted_h6_and_formal_queued	academic paper-equation and figure-reconstructed reproduction of NSGA-II and all three paper problems; not author source, private arrays, random states or numerical replay
T85	D	KEY40	REV4	REV3	2023	Particle Swarm Optimization of a Wind Farm Layout with Active Control of Turbine Yaws	Jeonghwan Song and Taewan Kim and Donghyun You	Renewable Energy	10.1016/j.renene.2023.02.058	2023_Song_Particle_Swarm_Optimization_of_a_Wind_Farm_Layout_with_Active_Control_of_Turbine_Yaws.pdf	898e441b2d92c3c56d70dc3a6dd89ee27730550ac00e0905de8d7c02ca19ebc5	local_primary_pdf_hashed	new_direct_ready	coupled_or_real_world_problem_and_method	AGLDPSO joint layout-yaw optimization	Song 2023 six-case joint layout-yaw WFLOP	t85_agldpso_joint_yaw_declared_reconstruction_v1	t85_song_joint_layout_yaw_six_case_v1	t85_six_case_agldpso_25seed_v1	REV4	h5_admitted_h6_and_formal_queued	academic flexible paper-equation reconstruction of AGLDPSO and all six paper problems; not author source private data random states or numerical replay
T24	D	CORE-SUPPORT	REV4	NONE	2024	Optimization of a Wind Farm Layout to Mitigate the Wind Power Intermittency	Taewan Kim and Jeonghwan Song and Donghyun You	Applied Energy	10.1016/j.apenergy.2024.123383	2024_Kim_Optimization_of_a_Wind_Farm_Layout_to_Mitigate_the_Wind_Power_Intermittency.pdf	4c52c0959955919ebb512b6a601eb568bc52fc188030d723fce80bd964194e53	local_primary_pdf_hashed	new_direct_ready	coupled_or_real_world_problem_and_method	NSGA-III Markov-intermittency optimization	Kim 2024 six-case Markov-intermittency WFLOP	t24_nsga3_markov_intermittency_declared_reconstruction_v1	t24_kim_markov_intermittency_six_case_v1	t24_six_case_nsga3_25seed_v1	REV4	h5_admitted_h6_and_formal_queued	academic flexible paper-equation and figure-constrained reconstruction of NSGA-III and all six paper cases; not author source original Marado data private arrays random states or numerical replay
T33	D	KEY40	REV4	NONE	2023	Combined Layout and Cable Optimization of Offshore Wind Farms	Davide Cazzaro and David Franz Koza and David Pisinger	European Journal of Operational Research	10.1016/j.ejor.2023.04.046	2023_Cazzaro_Combined_Layout_and_Cable_Optimization_of_Offshore_Wind_Farms.pdf	1f3cc6f15e2348fad94fa8b33020c11ae01a7de4143d431a0d0d8f7f88924b8d	local_primary_pdf_hashed	new_direct_ready	coupled_or_real_world_problem_and_method	combined layout-cable variable neighborhood search	ten official offshore sites at low and high density with joint NPV	t33_combined_layout_cable_vns_declared_v1	t33_official_synthetic10_low_high_joint_npv_v1	t33_fixed_860_2064_cycles_25seed_v1	REV4	paper_pair_h5_validated	academic flexible paper/data reconstruction of the target combined heuristic and all twenty paper cases; not author code unpublished manual substations Gurobi bitstream original random stream or numerical replay
T64	D	KEY40	REV4	REV2	2016	The Impact of Land Use Constraints in Multi-Objective Energy-Noise Wind Farm Layout Optimization	Sami Yamani Douzi Sorkhabi and David A. Romero and Gary Kai Yan and Michelle Dao Gu and Joaquin Moran and Michael Morgenroth and Cristina H. Amon	Renewable Energy	10.1016/j.renene.2015.06.026	2016_Sorkhabi_The_Impact_of_Land_Use_Constraints_in_Multi_Objective_Energy_Noise_Wind_Farm_Layout_Optimization.pdf	6fc92723c93a0cf0eb667e7b21ce4f25525d8a9d04196bbe63b646738943db0f	local_primary_pdf_hashed	new_direct_ready	coupled_or_real_world_problem_and_method	NSGA-II static dynamic and death penalties	energy-noise WFLOP with land availability turbine count and uniformity roles	t64_nsga2_three_penalties_declared_reconstruction_v1	t64_energy_noise_land13role_declared_reconstruction_v1	t64_80000fes_25seed_penalty_uniformity_v1	REV4	paper_pair_h5_validated	academic flexible paper-lineage reconstruction of all target constraint modes and thirteen paper roles; H5 admitted, Waffle H6 and 1175 formal runs pending
T67	D	KEY40	REV4	NONE	2017	Investigating the Power-COE Trade-Off for Wind Farm Layout Optimization Considering Commercial Turbine Selection and Hub Height Variation	Mamdouh Abdulrahman and David Wood	Renewable Energy	10.1016/j.renene.2016.10.038	2017_Abdulrahman_Investigating_the_Power_COE_Trade_Off_for_Wind_Farm_Layout_Optimization_Considering_Commercial_Turbine_Selection_and_Hub_Height_Variation.pdf	9fc563f924ea1a882ebe8ed2cd3497cd45a7e35c8cfe8f551cac211e41115289	local_primary_pdf_hashed	new_direct_ready	coupled_or_real_world_problem_and_method	pending_full_text_contract	pending_full_text_contract	t67_method_pending_contract	t67_problem_pending_contract	t67_protocol_pending_contract	REV4	queued_full_text_contract	scope and primary PDF verified; scientific contract pending paper/source reconciliation
T76	D	CORE-SUPPORT	REV4	NONE	2019	Investigation into Spacing Restriction and Layout Optimization of Wind Farm with Multiple Types of Wind Turbines	Haiying Sun and Hongxing Yang and Xiaoxia Gao	Energy	10.1016/j.energy.2018.11.073	2019_Sun_Investigation_into_Spacing_Restriction_and_Layout_Optimization_of_Wind_Farm_with_Multiple_Types_of_Wind_Turbines.pdf	dae77490f061fd063361a5f4b10aefba70773c4569b97c4a3c4a3e085860daba	local_primary_pdf_hashed	new_direct_ready	coupled_or_real_world_problem_and_method	pending_full_text_contract	pending_full_text_contract	t76_method_pending_contract	t76_problem_pending_contract	t76_protocol_pending_contract	REV4	queued_full_text_contract	scope and primary PDF verified; scientific contract pending paper/source reconciliation
T81	D	KEY40	REV4	NONE	2022	Layout Optimization of Offshore Wind Farm Considering Spatially Inhomogeneous Wave Loads	Ti Zilong and Deng Xiao Wei	Applied Energy	10.1016/j.apenergy.2021.117947	2022_Zilong_Layout_Optimization_of_Offshore_Wind_Farm_Considering_Spatially_Inhomogeneous_Wave_Loads.pdf	fd0c75fbe49b81d7514f4565c2dd1887834087e7528b63be1d40fa58a5425adc	local_primary_pdf_hashed	new_direct_ready	coupled_or_real_world_problem_and_method	Multistart SLSQP with two-stage AEP and wave-load optimization	inhomogeneous-wave two-case offshore WFLOP	t81_multistart_slsqp_wave_aep_declared_v1	t81_twofarm_inhomogeneous_wave_declared_v1	t81_twofarm_4alpha_25seed_15start_v1	REV4	h5_admitted_waffle_formal_queued	academic flexible reconstruction of both paper cases and Multistart-SLSQP; not author source, native environmental arrays, SciPy trajectory, or exact numerical replay
T32	D	CORE-SUPPORT	REV4	NONE	2022	Integrated Layout and Cable Routing in Wind Farm Optimal Design	Martina Fischetti and Matteo Fischetti	Management Science	10.1287/mnsc.2022.4470	not_available	not_available	missing_primary_pdf_explicit_skip	new_direct_skipped_primary_pdf	coupled_or_real_world_problem_and_method	pending_primary_pdf	pending_primary_pdf	pending_primary_pdf	pending_primary_pdf	pending_primary_pdf	REV4	blocked_missing_primary_pdf	scope identity only; primary PDF required before reproduction
T68	D	CORE-SUPPORT	REV4	REV3	2017	Offshore Wind Farm Layout Design Considering Optimized Power Dispatch Strategy	Peng Hou and Weihao Hu and Mohsen Soltani and Cong Chen and Baohua Zhang and Zhe Chen	IEEE Transactions on Sustainable Energy	10.1109/tste.2016.2614266	2017_Hou_Offshore_Wind_Farm_Layout_Design_Considering_Optimized_Power_Dispatch_Strategy.pdf	945236109aaab4dd20b8362a69abffd370b4ec1079c1005fc67d92ce39baa962	local_primary_pdf_hashed	new_direct_ready	coupled_or_real_world_problem_and_method	Zhan APSO with five-role layout and power-dispatch co-design	FINO3 regular 80-turbine LPC layout-control problem	t68_zhan_apso_offshore_codesign_declared_v1	t68_fino3_layout_dispatch_lpc_5role_declared_v1	t68_native_10plus4x20_repeat_declared_v1	REV4	h5_admitted_waffle_h6_and_formal_queued	academic flexible reconstruction of APSO and all five paper-native roles; not author code, native FINO3/cable/control arrays, random stream, or numerical replay
T78	D	CORE-SUPPORT	REV4	REV2,REV3	2020	Optimizing the Layout of Onshore Wind Farms to Minimize Noise	Xiawei Wu and Weihao Hu and Qi Huang and Cong Chen and Mark Z. Jacobson and Zhe Chen	Applied Energy	10.1016/j.apenergy.2020.114896	2020_Wu_Optimizing_the_Layout_of_Onshore_Wind_Farms_to_Minimize_Noise.pdf	dac0b3af880a68f8497dd92c205aab9418511ced826ab2964edb32dca61d9da3	local_primary_pdf_hashed	new_direct_ready	coupled_or_real_world_problem_and_method	traditional PSO	FINO3 80-DTU10MW strict/economic noise layout	t78_traditional_pso_declared_v1	t78_fino3_noise_layout_two_case_declared_v1	t78_native_2x10_repeat_declared_v1	REV4	h6_admitted_waffle_confirmation_and_formal_ready	Academic flexible reconstruction of traditional PSO and both paper-native noise-layout roles; target source and native wind/layout/noise arrays unavailable; IA-PSO is a non-contribution time baseline
T83	D	KEY40	REV4	NONE	2022	Multi-Scale Optimization of the Design of Offshore Wind Farms	Davide Cazzaro and Alessio Trivella and Francesco Corman and David Pisinger	Applied Energy	10.1016/j.apenergy.2022.118830	2022_Cazzaro_Multi_Scale_Optimization_of_the_Design_of_Offshore_Wind_Farms.pdf	dc23a662b903ea807779d654e39d4597ed74ab83473c486077d26d270b2fb58b	local_primary_pdf_hashed	new_direct_ready	coupled_or_real_world_problem_and_method	macro screening plus constructive meso shape and cited random-conic VNS	UK Round-4 eight-seed WFASP with same-lineage public offshore proxies	t83_macro_meso_random_conic_vns_declared_v1	t83_round4_eightseed_same_lineage_proxy_v1	t83_native_8seed_shape_rectangle_30min_v1	REV4	h6_admitted_waffle_confirmation_and_formal_ready	academic flexible reconstruction of the complete three-scale method and eight paper roles using explicit same-lineage offshore proxies; not author source, exact UK arrays, target layouts, random stream, or numerical replay
T69	D	KEY40	REV4	NONE	2017	Wind Farm Power Production in the Changing Wind: Robustness Quantification and Layout Optimization	Ju Feng and Wen Zhong Shen	Energy Conversion and Management	10.1016/j.enconman.2017.06.005	2017_Feng_Wind_Farm_Power_Production_in_the_Changing_Wind_Robustness_Quantification_and_Layout_Optimization.pdf	4bd7222cd3b8399811bf2e9e7825ad7564a0d1f96f99972c2495093ec0f37f6e	local_primary_pdf_hashed	new_direct_ready	coupled_or_real_world_problem_and_method	changing-wind robustness random-position search	Horns Rev short long and overall robustness WFLOP	t69_random_position_rs_v1	t69_horns_changing_wind_robustness_declared_v1	t69_native_15case_10000fes_v1	REV4	h6_admitted_waffle_confirmation_and_formal_ready	source-backed flexible academic reproduction of the complete changing-wind problem robustness metrics native sweeps and explicit conflict profiles; not author source random state unavailable time series or exact numerical replay
T28	D	KEY40	REV4	NONE	2025	Offshore Wind Farm Layout Optimization Accounting for Participation in Secondary Reserve Markets	Thuy-Hai Nguyen and Julian Quick and Pierre-Elouan Réthoré and Jean-François Toubeau and Emmanuel De Jaeger and François Vallée	Wind Energy Science	10.5194/wes-10-1661-2025	2025_Nguyen_Offshore_Wind_Farm_Layout_Optimization_Accounting_for_Participation_in_Secondary_Reserve_Markets.pdf	576b4149d526aab89f127431145ae70e71c852bc15e9466718f00939b067a2e6	local_primary_pdf_hashed	new_direct_ready	coupled_or_real_world_problem_and_method	SGD for AEP DAEM and JERM layout objectives	Northwind reserve-market WFLOP with 2023 training and 2024 unseen test	nguyen2025_batched_sgd_libtorch_v1	nguyen2025_jerm_northwind_v1	nguyen2025_five_seed_market_protocol_v1	REV4	h5_admitted_h6_and_formal_queued	academic paper-first reconstruction using exact released data; not author-original software or bitwise PyWake identity
L0079	D	KEY40	REV4	REV3	2017	Application of an offshore wind farm layout optimization methodology at Middelgrunden wind farm	Ajit C. Pillai and John Chick and Mahdi Khorasanchi and Sami Barbouchi and Lars Johanning	Ocean Engineering	10.1016/j.oceaneng.2017.04.049	2017_Pillai_Application_of_an_offshore_wind_farm_layout_optimization_methodology_at_Middelgrunden_wind_farm.pdf	38f5f9b607d9d1d96fe72a6b1b7e57144691736a1dda368cd630762ebaacd863	local_primary_pdf_hashed	new_direct_ready	coupled_or_real_world_problem_and_method	adaptive GA and gBest PSO with three constraint encodings	Middelgrunden 20-turbine LCOE problem with array binary and continuous placement	l0079_adaptive_ga_and_gbest_pso_declared_v1	l0079_middelgrunden_lcoe_three_constraint_declared_v1	l0079_native_six_role_single_run_v1	REV4	h6_admitted_waffle_confirmation_and_formal_ready	source-backed flexible academic reproduction of the complete Middelgrunden problem and six native algorithm constraint roles; not author source proprietary model unavailable site arrays random state or exact numerical replay
T44	D	AUTHOR-LINEAGE	REV4	REV2,REV3	2025	Discrete Bi-Population Differential Evolution for Optimizing Complex Wind Farm Layouts in Diverse Terrains	Jiayi Li and Zihang Zhang and Tao Zheng and Jun Tang and Zhenyu Lei and Shangce Gao	Energy	10.1016/j.energy.2025.137885	2025_Li_Discrete_Bi_Population_Differential_Evolution_for_Optimizing_Complex_Wind_Farm_Layouts_in_Diverse_Terrains.pdf	5029841587d4199ab846ddff971a178d52af7ccec0e758a22f5be2eff6626e85	local_primary_pdf_hashed	retained_direct	retained_target_contribution	BDE	bde2025_standard_daegwallyeong	bde_paper_source_completed_v1	bde2025_standard_daegwallyeong	energy2025_bde_native_25_v1	REV4	retained_plan005_package	WS1-WS4 source replay is accepted; WS5-WS6 are distinct paper-derived P3 composites
Y09	D	CORE-SUPPORT	REV4	REV2	2026	Wind Farm Layout Optimization with Multi-Type Wind Turbines for Minimizing Levelized Cost of Energy	Tian Li and Baoshan Yang and Qingshan Yang and Mingming Zhang and Weicheng Hu and Kunpeng Guo	Renewable Energy	10.1016/j.renene.2025.124386	2026_Li_Wind_Farm_Layout_Optimization_with_Multi_Type_Wind_Turbines_for_Minimizing_Levelized_Cost_of_Energy.pdf	970def94341cb1efeaa828e19d05cf0bb2bc8e1317c19b053f3446b13d496153	local_primary_pdf_hashed	new_direct_ready	coupled_or_real_world_problem_and_method	ternary roulette GA with category-balanced variable mutation	5/15 MW multi-type MQI wake fatigue-maintenance LCOE problem	y09_ternary_variable_mutation_ga_declared_v1	y09_multitype_mqi_fatigue_lcoe_declared_v1	y09_native_12case_single_run_declared_v1	REV4	h6_admitted_waffle_confirmation_and_formal_ready	source-backed flexible academic reproduction of the complete multi-type problem, ternary GA and twelve unique native cases; not author source, unavailable CFD arrays, exact plotted curves, random state or numerical replay
Y14	D	CORE-SUPPORT	REV4	NONE	2026	Preference-Oriented Evolutionary Multi-Objective Energy-Noise Optimization for Fast Wind Farm Layout Design	Ya-Zhi Zhang and Sheng Huang and Juan Wei and Bing-Chuan Wang and Yun Feng and Yaonan Wang	IEEE Transactions on Sustainable Energy	10.1109/tste.2026.3661110	2026_Zhang_Preference_Oriented_Evolutionary_Multi_Objective_Energy_Noise_Optimization_for_Fast_Wind_Farm_Layout_Design.pdf	1479f6921738c9485f27e181d515e21fcc6e52df67a2d1df8a6bf40e55665a08	local_primary_pdf_hashed	new_direct_ready	coupled_or_real_world_problem_and_method	preference-oriented subpopulation dual-replacement differential evolution	three-farm Jensen-AEP ISO-noise continuous multi-objective problem	y14_psdrde_declared_reconstruction_v1	y14_energy_noise_threefarm_declared_proxy_v1	y14_threefarm_two_preference_10seed_150k_v1	REV4	h6_admitted_waffle_confirmation_and_formal_ready	source-backed flexible academic reconstruction of every target method component and six paper-native roles; not author code private Gansu data exact ISO site replay random trajectory or numeric replay
Y16	D	CORE-SUPPORT	REV4	NONE	2026	Regular Layout Optimization for Offshore Wind Farms Considering Seabed Terrains and Turbulence Intensity	Zehai Huang and Yunfei Du and Renshen Tan and Xinwei Shen	IEEE Transactions on Sustainable Energy	10.1109/tste.2026.3686029	2026_Huang_Regular_Layout_Optimization_for_Offshore_Wind_Farms_Considering_Seabed_Terrains_and_Turbulence_Intensity.pdf	4288399ae7711a6fc1acbbfba5d5c510c5f56a8cb820e6d8d91e7f419d480e3c	local_primary_pdf_hashed	new_direct_ready	coupled_or_real_world_problem_and_method	regular-layout BMM IMM and bounded Dinkelbach mathematical programming	seabed TI and life-cycle-cost regular offshore layout problem	y16_imm_bmm_bounded_dinkelbach_highs_reconstruction_v1	y16_regular_seabed_ti_lcoe_figure_proxy_v1	y16_native_31role_deterministic_v1	REV4	h5_admitted_waffle_h6_and_formal_ready	source-backed flexible academic reconstruction of BMM IMM BDA and every unique target role; not author code private arrays Gurobi replay private-case global certificate or numerical replay
T43	D	AUTHOR-LINEAGE	REV4	REV2,REV3	2025	Advanced 3D Wind Farm Layout Optimization Framework via Power-Law Perturbation-Based Genetic Algorithm	Jiaru Yang and Yaotong Song and Jun Tang and Weiping Ding and Zhenyu Lei and Shangce Gao	IEEE/CAA Journal of Automatica Sinica	10.1109/jas.2025.125351	2025_Yang_Advanced_3D_Wind_Farm_Layout_Optimization_Framework_via_Power_Law_Perturbation_Based_Genetic_Algorithm.pdf	92d3eb80a5f6ba3dcf904712f19bd1f81e4432a3d13235b27b74ceda3fece016	local_primary_pdf_hashed	retained_direct	retained_target_contribution	PPGA	ppga_nantong_structured_3d_declared_proxy_v1	ppga_nantong_structured_3d_declared_reconstruction_v2	ppga_nantong_structured_3d_declared_proxy_v1	jas2025_ppga_native_25_v1	REV4	retained_plan005_package	P3 16-by-27 structured terrain proxy preserves paper-visible dimensions; original arrays remain unavailable
L0368	D	CORE-SUPPORT	REV4	REV2,REV3	2021	Genetic-algorithm-based layout optimization of an offshore wind farm under real seabed terrain encountering an engineering cost model	Zhenqing Liu and Shuanglong Fan and Yize Wang and Jie Peng	Energy Conversion and Management	10.1016/j.enconman.2021.114610	2021_Liu_Genetic_algorithm_based_layout_optimization_of_an_offshore_wind_farm_under_real_seabed_terrain_encountering_an_engineering_cost_model.pdf	a81ca2a398ec6654af0755ca0f40dd64f206b0dd8a57cf244efe09cbe1701a24	local_primary_pdf_hashed	new_direct_ready	coupled_or_real_world_problem_and_method	real-coded variable-count GA with cited MATLAB-lineage settings	real-seabed Gaussian-wake engineering capital-to-power problem	l0368_matlab_lineage_real_ga_declared_v1	l0368_seabed_engineering_capital_power_proxy_v1	l0368_native_s1_s5_w1_w4_single_run_v1	REV4	h6_admitted_waffle_confirmation_and_formal_ready	source-backed flexible academic reconstruction of target GA twenty native cases and sixteen transfers; not author code private Nanao arrays exact MATLAB trajectory or numerical replay
L0373	D	CORE-SUPPORT	REV4	REV5	2021	Joint optimization of wind farm layout considering optimal control	Kaixuan Chen and Jin Lin and Yiwei Qiu and Feng Liu and Yonghua Song	Renewable Energy	10.1016/j.renene.2021.10.032	2021_Chen_Joint_optimization_of_wind_farm_layout_considering_optimal_control.pdf	a0e5b3c2fe2a24e870e7b17c0220d71a644e96e6fd87b4087f3fb9d0c6555f50	local_primary_pdf_hashed	new_direct_ready	coupled_or_real_world_problem_and_method	PSO-warm-started DBHM joint layout-control optimization	FLORIS-lineage joint layout yaw and induction problem	l0373_pso_warm_dbhm_projected_declared_v1	l0373_joint_layout_yaw_induction_floris_declared_v1	l0373_native_illustrative_16_36_360_80_12_180_v1	REV4	h6_admitted_waffle_confirmation_and_formal_ready	source-backed flexible academic reconstruction of target DBHM six native profiles and all roles; not author code exact MATLAB FLORISSE adaptation private arrays trajectories or numerical replay
L0298	D	CORE-SUPPORT	REV4	REV3	2020	Joint Optimization of Wind Turbine Micrositing and Cabling in an Offshore Wind Farm	Siyu Tao and Qingshan Xu and Andrés Feijóo and Gang Zheng	IEEE Transactions on Smart Grid	10.1109/tsg.2020.3022378	2020_Tao_Joint_Optimization_of_Wind_Turbine_Micrositing_and_Cabling_in_an_Offshore_Wind_Farm.pdf	99057161f4efdb2cf0c8a72b82890bba6c7a4ff67fc3c2d71509129e5b8609e6	local_primary_pdf_hashed	new_direct_ready	coupled_or_real_world_problem_and_method	Yarpiz-semantic NSGA-III with radial-cable BPSO and convex RTS-24 dispatch	12x12 Greater-Gabbard offshore grid micrositing cabling and grid-coupled problem	l0298_yarpiz_nsga3_bpso_qp_declared_v1	l0298_offshore_grid_cable_rts24_declared_v1	l0298_models_turbines_seasons_buses_29roles_v1	REV4	h5_admitted_h6_and_formal_queued	source-backed flexible academic reconstruction of target joint problem NSGA-III BPSO QP and all 29 native roles; not author code original arrays MATLAB trajectory or numerical replay
Y06	D	AUTHOR-LINEAGE	REV4	REV1,REV3	2026	A Geometry-Guided Genetic Algorithm for Integrated Offshore Wind Farm Layout and Electrical Cable Routing Optimization	Baohang Zhang and Yixin Shao and Zhenyu Lei and Chao Zhang and Yirui Wang and Shangce Gao	Applied Energy	10.1016/j.apenergy.2026.127895	2026_Zhang_A_Geometry_Guided_Genetic_Algorithm_for_Integrated_Offshore_Wind_Farm_Layout_and_Electrical_Cable_Routing_Optimization.pdf	897adfd29ead0dc2780cda6dc6f9474d6a0249487847948f00248837201ad0c1	local_primary_pdf_hashed	retained_direct	retained_target_contribution	GGA	gga2026_layout_cable	gga_source_replay_v1	gga2026_layout_cable	apenergy2026_gga_native_25_v1	REV4	retained_plan005_package	Public GitHub is pinned but has no standard license; behavior and problem assets are oracle-only
T73	D	KEY40	REV4	NONE	2018	Integrated Optimization of Offshore Wind Farm Layout Design and Turbine Opportunistic Condition-Based Maintenance	Sanling Song and Qing Li and Frank A. Felder and Honggang Wang and David W. Coit	Computers & Industrial Engineering	10.1016/j.cie.2018.04.051	2018_Song_Integrated_Optimization_of_Offshore_Wind_Farm_Layout_Design_and_Turbine_Opportunistic_Condition_Based_Maintenance.pdf	d4ff6a796b03a3d187921addb2c661b035755d5385081ef9b24c8afff554e2c5	local_primary_pdf_hashed	new_direct_ready	coupled_or_real_world_problem_and_method	pending_full_text_contract	pending_full_text_contract	t73_method_pending_contract	t73_problem_pending_contract	t73_protocol_pending_contract	REV4	queued_full_text_contract	scope and primary PDF verified; scientific contract pending paper/source reconciliation
T36	D	AUTHOR-LINEAGE	REV4	REV1,REV3	2026	A Topology-Driven Multi-Objective Evolutionary Algorithm for Offshore Wind Farm Layout Optimization	Yixin Shao and Baohang Zhang and Wenzhu Gu and Zhenyu Lei and Shangce Gao	CPEEE 2026	10.1109/cpeee69412.2026.11521465	2026_Shao_A_Topology_Driven_Multi_Objective_Evolutionary_Algorithm_for_Offshore_Wind_Farm_Layout_Optimization.pdf	ee24999861a2a42766bd62bca509bf3bc0334e6b654a61f72fd55ba829f20873	local_primary_pdf_hashed	retained_direct	retained_target_contribution	T-MOEA	nysted_paper_eq16_cpu_r4_v2	tmoea_nysted_paper_eq16_v2	nysted_paper_eq16_cpu_r4_v2	cpeee2026_tmoea_native_25_v1	REV4	retained_plan005_package	Same-author Nysted assets and audited router form a distinct reconstruction; original paper arrays and topology encoding remain unavailable
L0726	D	AUTHOR-LINEAGE	REV4	REV3,REV5	2025	A Geometric Mutation-Based Genetic Algorithm for Irregular Large-Scale Offshore Wind Farm Layout Optimization	Baohang Zhang and Yixin Shao and Tao Zheng and Runqun Xiong and Jiake Wang and Xiangmei Li and Shangce Gao	2025 Thirteenth International Conference on Advanced Cloud and Big Data (CBD)	10.1109/cbd69312.2025.00059	2025_Zhang_A_Geometric_Mutation_Based_Genetic_Algorithm_for_Irregular_Large_Scale_Offshore_Wind_Farm_Layout_Optimization.pdf	8bdca5f23fc34687ab8069eb0ee8d6c1b3775567ba688fdc9248b91ce5f6fb7c	local_primary_pdf_hashed	retained_direct	retained_target_contribution	GeoGA	geoga_anholt_structured_declared_proxy_v1	geoga_declared_reconstruction_v1	geoga_anholt_structured_declared_proxy_v1	cbd2025_geoga_native_25_v1	REV4	retained_plan005_package	Anholt structured P3 proxy is distinct from the historical GGA-site interoperability proxy
T18	D	KEY40	REV5	REV2,REV4	2020	Wind Farm Layout Optimization (WindFLO): An Advanced Framework for Fast Wind Farm Analysis and Optimization	Sohail R. Reddy	Applied Energy	10.1016/j.apenergy.2020.115090	2020_Reddy_Wind_Farm_Layout_Optimization_WindFLO_An_Advanced_Framework_for_Fast_Wind_Farm_Analysis_and_Optimization.pdf	466c24c441328fe6e5c41ef42b7c883997adc61fa755ab11f905b4f3e536384a	local_primary_pdf_hashed	new_direct_ready	scaling_computation_or_reproducible_execution	pending_full_text_contract	pending_full_text_contract	t18_method_pending_contract	t18_problem_pending_contract	t18_protocol_pending_contract	REV5	queued_full_text_contract	scope and primary PDF verified; scientific contract pending paper/source reconciliation
T25	D	KEY40	REV5	REV3	2024	Speeding Up Large-Wind-Farm Layout Optimization Using Gradients, Parallelization, and a Heuristic Algorithm for the Initial Layout	Rafael Valotta Rodrigues and Mads Mølgaard Pedersen and Jens Peter Schøler and Julian Quick and Pierre-Elouan Réthoré	Wind Energy Science	10.5194/wes-9-321-2024	2024_Rodrigues_Speeding_Up_Large_Wind_Farm_Layout_Optimization_Using_Gradients_Parallelization_and_a_Heuristic_Algorithm_for_the_Initial_Layout.pdf	e61f6caa28512681934f58e26dc04f52149498dd69c058766c145a810021789d	local_primary_pdf_hashed	new_direct_ready	scaling_computation_or_reproducible_execution	pending_full_text_contract	pending_full_text_contract	t25_method_pending_contract	t25_problem_pending_contract	t25_protocol_pending_contract	REV5	queued_full_text_contract	scope and primary PDF verified; scientific contract pending paper/source reconciliation
T19	D	CORE-SUPPORT	REV5	REV1	2021	Optimizing Wind Farms Layouts for Maximum Energy Production Using Probabilistic Inference: Benchmarking Reveals Superior Computational Efficiency and Scalability	Aditya Dhoot and Enrico G.A. Antonini and David A. Romero and Cristina H. Amon	Energy	10.1016/j.energy.2021.120035	2021_Dhoot_Optimizing_Wind_Farms_Layouts_for_Maximum_Energy_Production_Using_Probabilistic_Inference_Benchmarking_Reveals_Superior_Computational_Efficiency_and_Scalability.pdf	761c90c22671dfe350770cbee2419f80dbab7a48f6f7773904b1544981ce4c6e	local_primary_pdf_hashed	new_direct_ready	scaling_computation_or_reproducible_execution	pending_full_text_contract	pending_full_text_contract	t19_method_pending_contract	t19_problem_pending_contract	t19_protocol_pending_contract	REV5	queued_full_text_contract	scope and primary PDF verified; scientific contract pending paper/source reconciliation
T08	D	CORE-SUPPORT	REV5	NONE	2016	Toward Efficient Optimization of Wind Farm Layouts: Utilizing Exact Gradient Information	David Guirguis and David A. Romero and Cristina H. Amon	Applied Energy	10.1016/j.apenergy.2016.06.101	2016_Guirguis_Toward_Efficient_Optimization_of_Wind_Farm_Layouts_Utilizing_Exact_Gradient_Information.pdf	f3df418e9cdb09f18873b3ee35848068e94634d0cfb771ba569a01df7cd6adf0	local_primary_pdf_hashed	new_direct_ready	scaling_computation_or_reproducible_execution	pending_full_text_contract	pending_full_text_contract	t08_method_pending_contract	t08_problem_pending_contract	t08_protocol_pending_contract	REV5	queued_full_text_contract	scope and primary PDF verified; scientific contract pending paper/source reconciliation
T10	D	KEY40	REV5	REV3	2016	Multi-Objective Optimization of Wind Farm Layouts—Complexity, Constraint Handling and Scalability	S. Rodrigues and P. Bauer and Peter A.N. Bosman	Renewable and Sustainable Energy Reviews	10.1016/j.rser.2016.07.021	2016_Rodrigues_Multi_Objective_Optimization_of_Wind_Farm_LayoutsComplexity_Constraint_Handling_and_Scalability.pdf	7a3144fb6fc2c584efa04859cea4906b1e05e23ee326af10c4db1b5aebead08d	local_primary_pdf_hashed	new_direct_ready	scaling_computation_or_reproducible_execution	pending_full_text_contract	pending_full_text_contract	t10_method_pending_contract	t10_problem_pending_contract	t10_protocol_pending_contract	REV5	queued_full_text_contract	scope and primary PDF verified; scientific contract pending paper/source reconciliation
T84	D	KEY40	REV5	REV2	2022	Wake Expansion Continuation: Multi-Modality Reduction in the Wind Farm Layout Optimization Problem	Jared J. Thomas and Spencer McOmber and Andrew Ning	Wind Energy	10.1002/we.2692	2022_Thomas_Wake_Expansion_Continuation_Multi_Modality_Reduction_in_the_Wind_Farm_Layout_Optimization_Problem.pdf	b5d89cb66feb4883b9ce3cedd685d2822af7f8e39515ae838b78581f54dbc382	local_primary_pdf_hashed	new_direct_ready	scaling_computation_or_reproducible_execution	pending_full_text_contract	pending_full_text_contract	t84_method_pending_contract	t84_problem_pending_contract	t84_protocol_pending_contract	REV5	queued_full_text_contract	scope and primary PDF verified; scientific contract pending paper/source reconciliation
T58	D	KEY40	REV5	REV2,REV4	2014	TOPFARM: Multi-Fidelity Optimization of Wind Farms	Pierre‐Elouan Réthoré and Peter Fuglsang and Gunner C. Larsen and Thomas Buhl and Torben J. Larsen and Helge A. Madsen	Wind Energy	10.1002/we.1667	2014_Rethore_TOPFARM_Multi_Fidelity_Optimization_of_Wind_Farms.pdf	779feb21b1943d300e5752e7613b5fda60eb679df00cceb1bf6b6b2940628065	local_primary_pdf_hashed	new_direct_ready	scaling_computation_or_reproducible_execution	pending_full_text_contract	pending_full_text_contract	t58_method_pending_contract	t58_problem_pending_contract	t58_protocol_pending_contract	REV5	queued_full_text_contract	scope and primary PDF verified; scientific contract pending paper/source reconciliation
T26	D	CORE-SUPPORT	REV5	REV2,REV3,REV4	2025	A Data-Physics Hybrid-Driven Layout Optimization Framework for Large-Scale Wind Farms	Peiyi Li and Yanbo Che and Anran Hua and Lei Wang and Mengxiang Zheng and Xiaojiang Guo	Applied Energy	10.1016/j.apenergy.2025.125908	2025_Li_A_Data_Physics_Hybrid_Driven_Layout_Optimization_Framework_for_Large_Scale_Wind_Farms.pdf	96c3e1f7a737090d6428a68e56dc8fcfdf2e4d7169acec25e8c0657e97f8c36f	local_primary_pdf_hashed	new_direct_ready	scaling_computation_or_reproducible_execution	pending_full_text_contract	pending_full_text_contract	t26_method_pending_contract	t26_problem_pending_contract	t26_protocol_pending_contract	REV5	queued_full_text_contract	scope and primary PDF verified; scientific contract pending paper/source reconciliation
T40	D	AUTHOR-LINEAGE	REV5	REV2,REV3	2023	A Chaotic Local Search-Based Particle Swarm Optimizer for Large-Scale Complex Wind Farm Layout Optimization	Zhenyu Lei and Shangce Gao and Zhiming Zhang and Haichuan Yang and Haotian Li	IEEE/CAA Journal of Automatica Sinica	10.1109/jas.2023.123387	2023_Lei_A_Chaotic_Local_Search_Based_Particle_Swarm_Optimizer_for_Large_Scale_Complex_Wind_Farm_Layout_Optimization.pdf	3cb545aede5682f21d892735c6d6ce052251503767ea29efb24d7176c1486726	local_primary_pdf_hashed	retained_direct	retained_target_contribution	CGPSO	cgpso_complex_large_16	cgpso_paper_staged_parallel_e0_physical_fes_v1	cgpso_complex_large_16_v1	jas2023_cgpso_native_25_v1	REV5	retained_plan005_package	Paper-native 21x21 four-complex-wind x N40/60/80/100 contract is distinct from FODE; barrier and immediate-update variants remain separate
Y13	D	KEY40	REV5	NONE	2026	A Generic Acceleration Framework for Grid-Based Wind Farm Layout Optimization	Yunfei Du and Xinwei Shen and Yangfan Luo and Zehai Huang and Boan Lu	IEEE Transactions on Sustainable Energy	10.1109/tste.2025.3609006	2026_Du_A_Generic_Acceleration_Framework_for_Grid_Based_Wind_Farm_Layout_Optimization.pdf	7f3e0fefd9467db259b5a221d1e2042b244813d6bd3eaa08ccc645d4769c4a2f	local_primary_pdf_hashed	new_direct_ready	scaling_computation_or_reproducible_execution	pending_full_text_contract	pending_full_text_contract	y13_method_pending_contract	y13_problem_pending_contract	y13_protocol_pending_contract	REV5	queued_full_text_contract	scope and primary PDF verified; scientific contract pending paper/source reconciliation
L0649	D	CORE-SUPPORT	REV5	REV2	2024	FLOWERS AEP: An Analytical Model for Wind Farm Layout Optimization	Michael J. LoCascio and Christopher J. Bay and Luis A. Martínez‐Tossas and Majid Bastankhah and Catherine Gorlé	Wind Energy	10.1002/we.2954	2024_LoCascio_FLOWERS_AEP_An_Analytical_Model_for_Wind_Farm_Layout_Optimization.pdf	e058017dbbaa6f21831b34097eec239b7ae410513f650eec7206d75dcb7f86fe	local_primary_pdf_hashed	new_direct_ready	scaling_computation_or_reproducible_execution	pending_full_text_contract	pending_full_text_contract	l0649_method_pending_contract	l0649_problem_pending_contract	l0649_protocol_pending_contract	REV5	queued_full_text_contract	scope and primary PDF verified; scientific contract pending paper/source reconciliation
L0805	D	CORE-SUPPORT	REV5	REV2	2025	Towards high-fidelity wind farm layout optimization using polynomial chaos expansion and Kriging model	Yixiao Shao and Zhenfan Wang and Shine Win Naung and Kai Zhang and Yufeng Yao and Dai Zhou	Energy	10.1016/j.energy.2025.138820	2025_Shao_Towards_high_fidelity_wind_farm_layout_optimization_using_polynomial_chaos_expansion_and_Kriging_model.pdf	eed96b6f8e1264a167fa2990e2c6a0437fcd29db762bbc1c5d3d0807c1113360	local_primary_pdf_hashed	new_direct_ready	scaling_computation_or_reproducible_execution	pending_full_text_contract	pending_full_text_contract	l0805_method_pending_contract	l0805_problem_pending_contract	l0805_protocol_pending_contract	REV5	queued_full_text_contract	scope and primary PDF verified; scientific contract pending paper/source reconciliation
L0581	D	CORE-SUPPORT	REV5	REV3	2023	Sparsity for Gradient-based Optimization of Wind Farm Layouts	Benjamin T. Varela and Andrew Ning	AIAA SCITECH 2023 Forum	10.2514/6.2023-1543	2023_Varela_Sparsity_for_Gradient_based_Optimization_of_Wind_Farm_Layouts.pdf	eeee2168b9f1aa10d99c069995c5a3c9647035e527cbd0fb05ce3f70b62dcc15	local_primary_pdf_hashed	new_direct_ready	scaling_computation_or_reproducible_execution	pending_full_text_contract	pending_full_text_contract	l0581_method_pending_contract	l0581_problem_pending_contract	l0581_protocol_pending_contract	REV5	queued_full_text_contract	scope and primary PDF verified; scientific contract pending paper/source reconciliation
L0245	D	CORE-SUPPORT	REV5	NONE	2019	Polynomial chaos to efficiently compute the annual energy production in wind farm layout optimization	Andrés Santiago Padrón and Jared Thomas and Andrew P. J. Stanley and Juan J. Alonso and Andrew Ning	Wind energy science	10.5194/wes-4-211-2019	2019_Padron_Polynomial_chaos_to_efficiently_compute_the_annual_energy_production_in_wind_farm_layout_optimization.pdf	2c772d4306fa176afe9ff0e343d7918f2c93f20ff09a77982a37adc1846c6c8d	local_primary_pdf_hashed	new_direct_ready	scaling_computation_or_reproducible_execution	pending_full_text_contract	pending_full_text_contract	l0245_method_pending_contract	l0245_problem_pending_contract	l0245_protocol_pending_contract	REV5	queued_full_text_contract	scope and primary PDF verified; scientific contract pending paper/source reconciliation
Y35	D	AUTHOR-LINEAGE	REV5	REV3	2026	A Level-Direction Guided Hierarchical Particle Swarm Optimization for Wind Farm Layout Optimization	Tao Zheng and Sichen Tao and Wenzhu Gu and Zhenyu Lei and Shangce Gao	Tsinghua Science and Technology	10.26599/tst.2026.9010059	2026_Zheng_A_Level_Direction_Guided_Hierarchical_Particle_Swarm_Optimization_for_Wind_Farm_Layout_Optimization.pdf	d631051a623bd94af307a11e2e67572b79ac5c5a42a1e85e90c73c647b31a5f5	local_primary_pdf_hashed	retained_direct	retained_target_contribution	HGPSO	agpso_aiga_hgpso_landuse_156	hgpso_paper_equations_physical_fes_v1	agpso_aiga_hgpso_landuse_156_v1	tst2026_hgpso_native_25_v1	REV5	retained_plan005_package	Four wind scenarios x N15/20/25 x L0-L12 now match the paper/source contract; paper and source algorithm conflicts remain separate
