pair_id	corpus_id	role	algorithm_id	method_semantic_id	problem_id	problem_semantic_id	paper_protocol_id	native_asset	implementation_status	analysis_id	analysis_path	analysis_sha256	validation_status	theory_status
Y36__taae_transformer_evolution_declared_reconstruction_v1__taae_zhangbei_structured_declared_proxy_v1__target	Y36	target	taae_transformer_evolution_declared_reconstruction_v1	taae_transformer_evolution_declared_reconstruction_v1	taae_zhangbei_structured_declared_proxy_v1	taae_zhangbei_structured_declared_proxy_v1	ma2026_native_25_v1	shared/contracts/taae_zhangbei_structured_declared_proxy_cases.json	executable_baseline	hpc_analysis__Y36__taae_transformer_evolution_declared_reconstruction_v1__taae_zhangbei_structured_declared_proxy_v1__target__v1	hpc/paper_packages/Y36/analysis/y36_taae_transformer_evolution_declared_reconstruction_v1_taae_zhangbei_structured_declared_proxy_v1_target_hpc_analysis.json	795aec6ba17055aa24f050df5123a9d7a5a0d9b2e5cffea197573ddf00138df9	pending_h5_h6	draft_h0_h4_scaffold_unadmitted
Y36__nsgaii__taae_zhangbei_structured_declared_proxy_v1__comparator	Y36	comparator	nsgaii	nsgaii_paper_comparator_reconstruction_v1	taae_zhangbei_structured_declared_proxy_v1	taae_zhangbei_structured_declared_proxy_v1	ma2026_native_25_v1	shared/contracts/taae_zhangbei_structured_declared_proxy_cases.json	planned_missing_native_comparator	hpc_analysis__Y36__nsgaii__taae_zhangbei_structured_declared_proxy_v1__comparator__v1	hpc/paper_packages/Y36/analysis/y36_nsgaii_taae_zhangbei_structured_declared_proxy_v1_comparator_hpc_analysis.json	bc6067df8e330a3afd844432a920b8fde2253e190cb2c83d353e78944f9728fd	pending_h5_h6	draft_h0_h4_scaffold_unadmitted
Y36__moead__taae_zhangbei_structured_declared_proxy_v1__comparator	Y36	comparator	moead	moead_paper_comparator_reconstruction_v1	taae_zhangbei_structured_declared_proxy_v1	taae_zhangbei_structured_declared_proxy_v1	ma2026_native_25_v1	shared/contracts/taae_zhangbei_structured_declared_proxy_cases.json	planned_missing_native_comparator	hpc_analysis__Y36__moead__taae_zhangbei_structured_declared_proxy_v1__comparator__v1	hpc/paper_packages/Y36/analysis/y36_moead_taae_zhangbei_structured_declared_proxy_v1_comparator_hpc_analysis.json	fac754eae2a57a9b0d0b298b82aa9c120c224322dfc59f69910492f8674a90ce	pending_h5_h6	draft_h0_h4_scaffold_unadmitted
L0608__alshade__alshade_complex_wake_117_v1__target	L0608	target	alshade	alshade_paper_derived_e0_physical_fes_v1	alshade_complex_wake_117	alshade_complex_wake_117_v1	pic2024_alshade_native_25_v1	shared/contracts/alshade_native_117_cases.json	executable_baseline	hpc_analysis__L0608__alshade__alshade_complex_wake_117_v1__target__v1	hpc/paper_packages/L0608/analysis/l0608_alshade_alshade_complex_wake_117_v1_target_hpc_analysis.json	3874510b6fcc8bff858450999c4025ff3a0993302cc5b6f092030202093dd8f5	pending_h5_h6	draft_h0_h4_scaffold_unadmitted
L0608__aga__alshade_complex_wake_117_v1__comparator	L0608	comparator	aga	aga_paper_first_e0_physical_fes_v1	alshade_complex_wake_117	alshade_complex_wake_117_v1	pic2024_alshade_native_25_v1	shared/contracts/alshade_native_117_cases.json	executable_baseline	hpc_analysis__L0608__aga__alshade_complex_wake_117_v1__comparator__v1	hpc/paper_packages/L0608/analysis/l0608_aga_alshade_complex_wake_117_v1_comparator_hpc_analysis.json	acd12713f3678ccae4e114639ad97ac3abdc1d0a5ad9e3bef08cabe05384b024	pending_h5_h6	draft_h0_h4_scaffold_unadmitted
L0608__algsa__alshade_complex_wake_117_v1__comparator	L0608	comparator	algsa	algsa_archived_source_reconstruction_v1	alshade_complex_wake_117	alshade_complex_wake_117_v1	pic2024_alshade_native_25_v1	shared/contracts/alshade_native_117_cases.json	executable_baseline	hpc_analysis__L0608__algsa__alshade_complex_wake_117_v1__comparator__v1	hpc/paper_packages/L0608/analysis/l0608_algsa_alshade_complex_wake_117_v1_comparator_hpc_analysis.json	c8c0d701feeedb7085fb74ce6d69ec4049eac8b29ba8a1a42a382ca755ec6d20	pending_h5_h6	draft_h0_h4_scaffold_unadmitted
L0608__sugga__alshade_complex_wake_117_v1__comparator	L0608	comparator	sugga	sugga_frozen_surrogate_e0_physical_fes_v1	alshade_complex_wake_117	alshade_complex_wake_117_v1	pic2024_alshade_native_25_v1	shared/contracts/alshade_native_117_cases.json	executable_baseline	hpc_analysis__L0608__sugga__alshade_complex_wake_117_v1__comparator__v1	hpc/paper_packages/L0608/analysis/l0608_sugga_alshade_complex_wake_117_v1_comparator_hpc_analysis.json	c57e79f501e30d37047c1ca47fb98a3b7ebd37b7ae8b8c0529e3e9c84ad374fb	pending_h5_h6	draft_h0_h4_scaffold_unadmitted
L0608__lshade__alshade_complex_wake_117_v1__comparator	L0608	comparator	lshade	lshade_paper_first_e0_physical_fes_v1	alshade_complex_wake_117	alshade_complex_wake_117_v1	pic2024_alshade_native_25_v1	shared/contracts/alshade_native_117_cases.json	executable_baseline	hpc_analysis__L0608__lshade__alshade_complex_wake_117_v1__comparator__v1	hpc/paper_packages/L0608/analysis/l0608_lshade_alshade_complex_wake_117_v1_comparator_hpc_analysis.json	fa69ff5a5e24b211026979c0040166b0b9258a3eab4cc69ff760f67b6fb273a3	pending_h5_h6	draft_h0_h4_scaffold_unadmitted
L0608__cjade__alshade_complex_wake_117_v1__comparator	L0608	comparator	cjade	cjade_archived_source_reconstruction_v1	alshade_complex_wake_117	alshade_complex_wake_117_v1	pic2024_alshade_native_25_v1	shared/contracts/alshade_native_117_cases.json	executable_baseline	hpc_analysis__L0608__cjade__alshade_complex_wake_117_v1__comparator__v1	hpc/paper_packages/L0608/analysis/l0608_cjade_alshade_complex_wake_117_v1_comparator_hpc_analysis.json	a68ab2a2dc0084474203a060fdb08821938c41a9ff711004eafebdaa373a4dbc	pending_h5_h6	draft_h0_h4_scaffold_unadmitted
L0608__clpso__alshade_complex_wake_117_v1__comparator	L0608	comparator	clpso	clpso_archived_source_reconstruction_v1	alshade_complex_wake_117	alshade_complex_wake_117_v1	pic2024_alshade_native_25_v1	shared/contracts/alshade_native_117_cases.json	executable_baseline	hpc_analysis__L0608__clpso__alshade_complex_wake_117_v1__comparator__v1	hpc/paper_packages/L0608/analysis/l0608_clpso_alshade_complex_wake_117_v1_comparator_hpc_analysis.json	72190b304f58a6377af8123c534439f9e63d72a16a5b016db889aaa702c2293a	pending_h5_h6	draft_h0_h4_scaffold_unadmitted
T42__rlpso_paper_corrected_training_reconstruction_v1__rpso2024_source_problem_ws1_ws4__target	T42	target	rlpso_paper_corrected_training_reconstruction_v1	rlpso_paper_corrected_training_reconstruction_v1	rpso2024_source_problem_ws1_ws4	rpso2024_source_problem_ws1_ws4	energy2024_rlpso_native_25_v1	.source-cache/generated/rpso_source_problem/benchmark_cases.json	executable_baseline	hpc_analysis__T42__rlpso_paper_corrected_training_reconstruction_v1__rpso2024_source_problem_ws1_ws4__target__v1	hpc/paper_packages/T42/analysis/t42_rlpso_paper_corrected_training_reconstruction_v1_rpso2024_source_problem_ws1_ws4_target_hpc_analysis.json	78618df2d26ebddcf63fa00a324bca7e1c40339dde915cc70c51c37021ec4540	pending_h5_h6	draft_h0_h4_scaffold_unadmitted
T42__pso__rpso2024_source_problem_ws1_ws4__comparator	T42	comparator	pso	pso_canonical_integer_wflop_v1	rpso2024_source_problem_ws1_ws4	rpso2024_source_problem_ws1_ws4	energy2024_rlpso_native_25_v1	.source-cache/generated/rpso_source_problem/benchmark_cases.json	executable_baseline	hpc_analysis__T42__pso__rpso2024_source_problem_ws1_ws4__comparator__v1	hpc/paper_packages/T42/analysis/t42_pso_rpso2024_source_problem_ws1_ws4_comparator_hpc_analysis.json	a61d5d4fb6e160550d1281810d75a43981a8e0a3319c2418d1fc6d60d8213d78	pending_h5_h6	draft_h0_h4_scaffold_unadmitted
T42__gwo__rpso2024_source_problem_ws1_ws4__comparator	T42	comparator	gwo	gwo_paper_comparator_reconstruction_v1	rpso2024_source_problem_ws1_ws4	rpso2024_source_problem_ws1_ws4	energy2024_rlpso_native_25_v1	.source-cache/generated/rpso_source_problem/benchmark_cases.json	planned_missing_native_comparator	hpc_analysis__T42__gwo__rpso2024_source_problem_ws1_ws4__comparator__v1	hpc/paper_packages/T42/analysis/t42_gwo_rpso2024_source_problem_ws1_ws4_comparator_hpc_analysis.json	ce3d4b64faef7f2ecb7f00142feaeb130cfebd3e13995e8a385c9221a137e2a0	pending_h5_h6	draft_h0_h4_scaffold_unadmitted
T42__de__rpso2024_source_problem_ws1_ws4__comparator	T42	comparator	de	de_rand_1_bin_integer_wflop_v1	rpso2024_source_problem_ws1_ws4	rpso2024_source_problem_ws1_ws4	energy2024_rlpso_native_25_v1	.source-cache/generated/rpso_source_problem/benchmark_cases.json	executable_baseline	hpc_analysis__T42__de__rpso2024_source_problem_ws1_ws4__comparator__v1	hpc/paper_packages/T42/analysis/t42_de_rpso2024_source_problem_ws1_ws4_comparator_hpc_analysis.json	c88aec26fa5e23f5a7afd8356a3d966d91def4d5f1116dc3381f1850c3e1e8ee	pending_h5_h6	draft_h0_h4_scaffold_unadmitted
T42__cgpso__rpso2024_source_problem_ws1_ws4__comparator	T42	comparator	cgpso	cgpso_paper_staged_parallel_e0_physical_fes_v1	rpso2024_source_problem_ws1_ws4	rpso2024_source_problem_ws1_ws4	energy2024_rlpso_native_25_v1	.source-cache/generated/rpso_source_problem/benchmark_cases.json	executable_baseline	hpc_analysis__T42__cgpso__rpso2024_source_problem_ws1_ws4__comparator__v1	hpc/paper_packages/T42/analysis/t42_cgpso_rpso2024_source_problem_ws1_ws4_comparator_hpc_analysis.json	854e89f1448e62a28f150cf5966f73c0e4d976e5139c99e41c1a9812df0ff16b	pending_h5_h6	draft_h0_h4_scaffold_unadmitted
T42__agpso__rpso2024_source_problem_ws1_ws4__comparator	T42	comparator	agpso	agpso_paper_staged_parallel_e0_physical_fes_v1	rpso2024_source_problem_ws1_ws4	rpso2024_source_problem_ws1_ws4	energy2024_rlpso_native_25_v1	.source-cache/generated/rpso_source_problem/benchmark_cases.json	executable_baseline	hpc_analysis__T42__agpso__rpso2024_source_problem_ws1_ws4__comparator__v1	hpc/paper_packages/T42/analysis/t42_agpso_rpso2024_source_problem_ws1_ws4_comparator_hpc_analysis.json	1da12d38a35b38778e1f06f4d88b8c324445d47b80adb24e47a7694de51e89ad	pending_h5_h6	draft_h0_h4_scaffold_unadmitted
T37__agpso__agpso_aiga_hgpso_landuse_156_v1__target	T37	target	agpso	agpso_paper_staged_parallel_e0_physical_fes_v1	agpso_aiga_hgpso_landuse_156	agpso_aiga_hgpso_landuse_156_v1	enconman2022_agpso_native_25_v1	shared/contracts/agpso_aiga_hgpso_native_156_cases.json	executable_baseline	hpc_analysis__T37__agpso__agpso_aiga_hgpso_landuse_156_v1__target__v1	hpc/paper_packages/T37/analysis/t37_agpso_agpso_aiga_hgpso_landuse_156_v1_target_hpc_analysis.json	042cd65e0d491f7ef42ed1eadd319eab4f98d9803dbdd688653d71d096a802d8	pending_h5_h6	draft_h0_h4_scaffold_unadmitted
T37__aga__agpso_aiga_hgpso_landuse_156_v1__comparator	T37	comparator	aga	aga_paper_first_e0_physical_fes_v1	agpso_aiga_hgpso_landuse_156	agpso_aiga_hgpso_landuse_156_v1	enconman2022_agpso_native_25_v1	shared/contracts/agpso_aiga_hgpso_native_156_cases.json	executable_baseline	hpc_analysis__T37__aga__agpso_aiga_hgpso_landuse_156_v1__comparator__v1	hpc/paper_packages/T37/analysis/t37_aga_agpso_aiga_hgpso_landuse_156_v1_comparator_hpc_analysis.json	a9d158507e1fd1b963642bec0e83628bcdb5ec71052da76182875919eb8590d2	pending_h5_h6	draft_h0_h4_scaffold_unadmitted
T37__sugga__agpso_aiga_hgpso_landuse_156_v1__comparator	T37	comparator	sugga	sugga_frozen_surrogate_e0_physical_fes_v1	agpso_aiga_hgpso_landuse_156	agpso_aiga_hgpso_landuse_156_v1	enconman2022_agpso_native_25_v1	shared/contracts/agpso_aiga_hgpso_native_156_cases.json	executable_baseline	hpc_analysis__T37__sugga__agpso_aiga_hgpso_landuse_156_v1__comparator__v1	hpc/paper_packages/T37/analysis/t37_sugga_agpso_aiga_hgpso_landuse_156_v1_comparator_hpc_analysis.json	ec4d6e418cb286368d91b90fab0bc1ae904cea89323d0372e3eabdf263cca493	pending_h5_h6	draft_h0_h4_scaffold_unadmitted
T37__pso__agpso_aiga_hgpso_landuse_156_v1__comparator	T37	comparator	pso	pso_canonical_integer_wflop_v1	agpso_aiga_hgpso_landuse_156	agpso_aiga_hgpso_landuse_156_v1	enconman2022_agpso_native_25_v1	shared/contracts/agpso_aiga_hgpso_native_156_cases.json	executable_baseline	hpc_analysis__T37__pso__agpso_aiga_hgpso_landuse_156_v1__comparator__v1	hpc/paper_packages/T37/analysis/t37_pso_agpso_aiga_hgpso_landuse_156_v1_comparator_hpc_analysis.json	ebe1fa154ed90acb3722eac89a67bb1c12643d51aa87fe599625fd74a2576017	pending_h5_h6	draft_h0_h4_scaffold_unadmitted
T37__cgpso__agpso_aiga_hgpso_landuse_156_v1__comparator	T37	comparator	cgpso	cgpso_paper_staged_parallel_e0_physical_fes_v1	agpso_aiga_hgpso_landuse_156	agpso_aiga_hgpso_landuse_156_v1	enconman2022_agpso_native_25_v1	shared/contracts/agpso_aiga_hgpso_native_156_cases.json	executable_baseline	hpc_analysis__T37__cgpso__agpso_aiga_hgpso_landuse_156_v1__comparator__v1	hpc/paper_packages/T37/analysis/t37_cgpso_agpso_aiga_hgpso_landuse_156_v1_comparator_hpc_analysis.json	b3e8cfb0ba7d8c7f166773b946556f75474a06a96db59736249bbea44aada888	pending_h5_h6	draft_h0_h4_scaffold_unadmitted
T45__alga_attention_declared_reconstruction_v1__alga_guishan_3d_declared_proxy_v1__target	T45	target	alga_attention_declared_reconstruction_v1	alga_attention_declared_reconstruction_v1	alga_guishan_3d_declared_proxy_v1	alga_guishan_3d_declared_proxy_v1	swevo2025_alga_native_25_v1	shared/contracts/alga_guishan_3d_declared_proxy_cases.json	executable_baseline	hpc_analysis__T45__alga_attention_declared_reconstruction_v1__alga_guishan_3d_declared_proxy_v1__target__v1	hpc/paper_packages/T45/analysis/t45_alga_attention_declared_reconstruction_v1_alga_guishan_3d_declared_proxy_v1_target_hpc_analysis.json	b2200e8fc6701d18e5e03188a327f54dbbe199d6a6977579e9d5ad02e4a0a4d9	pending_h5_h6	draft_h0_h4_scaffold_unadmitted
T45__ga__alga_guishan_3d_declared_proxy_v1__comparator	T45	comparator	ga	ga_paper_comparator_reconstruction_v1	alga_guishan_3d_declared_proxy_v1	alga_guishan_3d_declared_proxy_v1	swevo2025_alga_native_25_v1	shared/contracts/alga_guishan_3d_declared_proxy_cases.json	planned_missing_native_comparator	hpc_analysis__T45__ga__alga_guishan_3d_declared_proxy_v1__comparator__v1	hpc/paper_packages/T45/analysis/t45_ga_alga_guishan_3d_declared_proxy_v1_comparator_hpc_analysis.json	3098b3069113882964a4e64fa547efea058140be45ddbdd17654f72e4c13556f	pending_h5_h6	draft_h0_h4_scaffold_unadmitted
T45__aga__alga_guishan_3d_declared_proxy_v1__comparator	T45	comparator	aga	aga_paper_first_e0_physical_fes_v1	alga_guishan_3d_declared_proxy_v1	alga_guishan_3d_declared_proxy_v1	swevo2025_alga_native_25_v1	shared/contracts/alga_guishan_3d_declared_proxy_cases.json	executable_baseline	hpc_analysis__T45__aga__alga_guishan_3d_declared_proxy_v1__comparator__v1	hpc/paper_packages/T45/analysis/t45_aga_alga_guishan_3d_declared_proxy_v1_comparator_hpc_analysis.json	a6f81d6673c98a19574c82ee534bb5277c008e4b61f3fc6ab9e5e03f31b8a15f	pending_h5_h6	draft_h0_h4_scaffold_unadmitted
T45__sugga__alga_guishan_3d_declared_proxy_v1__comparator	T45	comparator	sugga	sugga_frozen_surrogate_e0_physical_fes_v1	alga_guishan_3d_declared_proxy_v1	alga_guishan_3d_declared_proxy_v1	swevo2025_alga_native_25_v1	shared/contracts/alga_guishan_3d_declared_proxy_cases.json	executable_baseline	hpc_analysis__T45__sugga__alga_guishan_3d_declared_proxy_v1__comparator__v1	hpc/paper_packages/T45/analysis/t45_sugga_alga_guishan_3d_declared_proxy_v1_comparator_hpc_analysis.json	79175b7bd546ae4a2012a5290ab74f2045cb62298275887799ea5d892a47566b	pending_h5_h6	draft_h0_h4_scaffold_unadmitted
T45__ppga__alga_guishan_3d_declared_proxy_v1__comparator	T45	comparator	ppga	ppga_paper_comparator_reconstruction_v1	alga_guishan_3d_declared_proxy_v1	alga_guishan_3d_declared_proxy_v1	swevo2025_alga_native_25_v1	shared/contracts/alga_guishan_3d_declared_proxy_cases.json	executable_baseline	hpc_analysis__T45__ppga__alga_guishan_3d_declared_proxy_v1__comparator__v1	hpc/paper_packages/T45/analysis/t45_ppga_alga_guishan_3d_declared_proxy_v1_comparator_hpc_analysis.json	5ab7df9c04f1fb144eaa1a93b6de94086ab145819db8b0ad8e3400d7d1e2c30d	pending_h5_h6	draft_h0_h4_scaffold_unadmitted
T38__clshade__clshade_landuse_117_v1__target	T38	target	clshade	clshade_paper_derived_e0_physical_fes_v1	clshade_landuse_117	clshade_landuse_117_v1	asoc2023_clshade_native_25_v1	shared/contracts/clshade_native_117_cases.json	executable_baseline	hpc_analysis__T38__clshade__clshade_landuse_117_v1__target__v1	hpc/paper_packages/T38/analysis/t38_clshade_clshade_landuse_117_v1_target_hpc_analysis.json	d363657cce555d0c5785aa4e9c37b42de72fe98f17d734ef339f8e890fb67264	pending_h5_h6	draft_h0_h4_scaffold_unadmitted
T38__lshade__clshade_landuse_117_v1__comparator	T38	comparator	lshade	lshade_paper_first_e0_physical_fes_v1	clshade_landuse_117	clshade_landuse_117_v1	asoc2023_clshade_native_25_v1	shared/contracts/clshade_native_117_cases.json	executable_baseline	hpc_analysis__T38__lshade__clshade_landuse_117_v1__comparator__v1	hpc/paper_packages/T38/analysis/t38_lshade_clshade_landuse_117_v1_comparator_hpc_analysis.json	9fa70d2c313315c3693c203c7a1af86119fb66cdaf02cc404409ef557cab190b	pending_h5_h6	draft_h0_h4_scaffold_unadmitted
T38__lshadecnepsin__clshade_landuse_117_v1__comparator	T38	comparator	lshadecnepsin	lshadecnepsin_paper_guided_reconstruction_v1	clshade_landuse_117	clshade_landuse_117_v1	asoc2023_clshade_native_25_v1	shared/contracts/clshade_native_117_cases.json	executable_baseline	hpc_analysis__T38__lshadecnepsin__clshade_landuse_117_v1__comparator__v1	hpc/paper_packages/T38/analysis/t38_lshadecnepsin_clshade_landuse_117_v1_comparator_hpc_analysis.json	7a5f121a4d424ecaedb0041acc42c2eacfbe0d8d49b6ebb2cc2563570b34b55b	pending_h5_h6	draft_h0_h4_scaffold_unadmitted
T38__sugga__clshade_landuse_117_v1__comparator	T38	comparator	sugga	sugga_frozen_surrogate_e0_physical_fes_v1	clshade_landuse_117	clshade_landuse_117_v1	asoc2023_clshade_native_25_v1	shared/contracts/clshade_native_117_cases.json	executable_baseline	hpc_analysis__T38__sugga__clshade_landuse_117_v1__comparator__v1	hpc/paper_packages/T38/analysis/t38_sugga_clshade_landuse_117_v1_comparator_hpc_analysis.json	d3fec0d412ecca1f4ddeef831dc66b0955d474bfaddb4a5b16c7e2ed9cc70363	pending_h5_h6	draft_h0_h4_scaffold_unadmitted
T38__cjade__clshade_landuse_117_v1__comparator	T38	comparator	cjade	cjade_archived_source_reconstruction_v1	clshade_landuse_117	clshade_landuse_117_v1	asoc2023_clshade_native_25_v1	shared/contracts/clshade_native_117_cases.json	executable_baseline	hpc_analysis__T38__cjade__clshade_landuse_117_v1__comparator__v1	hpc/paper_packages/T38/analysis/t38_cjade_clshade_landuse_117_v1_comparator_hpc_analysis.json	09f6844822597c36652f392e65cf7695025d5dcf9a2caa196acf26f781b1211b	pending_h5_h6	draft_h0_h4_scaffold_unadmitted
T39__ise__ise_landuse_117_v1__target	T39	target	ise	ise_paper_derived_e0_physical_fes_v1	ise_landuse_117	ise_landuse_117_v1	engappai2023_ise_native_25_v1	shared/contracts/ise_native_117_cases.json	executable_baseline	hpc_analysis__T39__ise__ise_landuse_117_v1__target__v1	hpc/paper_packages/T39/analysis/t39_ise_ise_landuse_117_v1_target_hpc_analysis.json	abd8fff06a6755422073f5fe1f0955f706e74d0c4093347000715646928f5703	pending_h5_h6	draft_h0_h4_scaffold_unadmitted
T39__se__ise_landuse_117_v1__comparator	T39	comparator	se	se_spherical_paper_guided_reconstruction_v1	ise_landuse_117	ise_landuse_117_v1	engappai2023_ise_native_25_v1	shared/contracts/ise_native_117_cases.json	executable_baseline	hpc_analysis__T39__se__ise_landuse_117_v1__comparator__v1	hpc/paper_packages/T39/analysis/t39_se_ise_landuse_117_v1_comparator_hpc_analysis.json	c5034b18ab1f79263e0e954d179269d93cda44ad6c6043a7948d1fc5d1eaa81b	pending_h5_h6	draft_h0_h4_scaffold_unadmitted
T39__de__ise_landuse_117_v1__comparator	T39	comparator	de	de_rand_1_bin_integer_wflop_v1	ise_landuse_117	ise_landuse_117_v1	engappai2023_ise_native_25_v1	shared/contracts/ise_native_117_cases.json	executable_baseline	hpc_analysis__T39__de__ise_landuse_117_v1__comparator__v1	hpc/paper_packages/T39/analysis/t39_de_ise_landuse_117_v1_comparator_hpc_analysis.json	fceb6b4d1740161164e26dd27dee812aefa774b9fbe733b32c32a717f2d2716d	pending_h5_h6	draft_h0_h4_scaffold_unadmitted
T39__cjade__ise_landuse_117_v1__comparator	T39	comparator	cjade	cjade_archived_source_reconstruction_v1	ise_landuse_117	ise_landuse_117_v1	engappai2023_ise_native_25_v1	shared/contracts/ise_native_117_cases.json	executable_baseline	hpc_analysis__T39__cjade__ise_landuse_117_v1__comparator__v1	hpc/paper_packages/T39/analysis/t39_cjade_ise_landuse_117_v1_comparator_hpc_analysis.json	9e0ad5d2b61cb3930106ea8613bb6050f08f2df2b8ee1f285ed87a3c57f7701c	pending_h5_h6	draft_h0_h4_scaffold_unadmitted
T39__scjade__ise_landuse_117_v1__comparator	T39	comparator	scjade	scjade_paper_guided_reconstruction_v1	ise_landuse_117	ise_landuse_117_v1	engappai2023_ise_native_25_v1	shared/contracts/ise_native_117_cases.json	executable_baseline	hpc_analysis__T39__scjade__ise_landuse_117_v1__comparator__v1	hpc/paper_packages/T39/analysis/t39_scjade_ise_landuse_117_v1_comparator_hpc_analysis.json	e191cff7bc8e307f599d08002128dea78e4375775599cd7ff74c4b21abe6f0d6	pending_h5_h6	draft_h0_h4_scaffold_unadmitted
T39__sugga__ise_landuse_117_v1__comparator	T39	comparator	sugga	sugga_frozen_surrogate_e0_physical_fes_v1	ise_landuse_117	ise_landuse_117_v1	engappai2023_ise_native_25_v1	shared/contracts/ise_native_117_cases.json	executable_baseline	hpc_analysis__T39__sugga__ise_landuse_117_v1__comparator__v1	hpc/paper_packages/T39/analysis/t39_sugga_ise_landuse_117_v1_comparator_hpc_analysis.json	b96a3b85248eb2b4ab419da2c0b43d0ccfeeb09101f7c03290c5f3cbf2fc4bc4	pending_h5_h6	draft_h0_h4_scaffold_unadmitted
T39__lshade__ise_landuse_117_v1__comparator	T39	comparator	lshade	lshade_paper_first_e0_physical_fes_v1	ise_landuse_117	ise_landuse_117_v1	engappai2023_ise_native_25_v1	shared/contracts/ise_native_117_cases.json	executable_baseline	hpc_analysis__T39__lshade__ise_landuse_117_v1__comparator__v1	hpc/paper_packages/T39/analysis/t39_lshade_ise_landuse_117_v1_comparator_hpc_analysis.json	97bf8a3d0e874616346495e6d1db4122a0980da32313268676d0f7bdbc1c6d09	pending_h5_h6	draft_h0_h4_scaffold_unadmitted
T46__moead_p__zhang2025_three_objective__target	T46	target	moead_p	moead_p_repaired_v1	zhang2025_three_objective	zhang2025_three_objective	swevo2025_moeadp_native_25_v1	shared/contracts/pbea_execution_contract.json	executable_baseline	hpc_analysis__T46__moead_p__zhang2025_three_objective__target__v1	hpc/paper_packages/T46/analysis/t46_moead_p_zhang2025_three_objective_target_hpc_analysis.json	a025abec6c44801c456c1ee525de02b15ddf2514938b13bd23ef4722d533006b	pending_h5_h6	draft_h0_h4_scaffold_unadmitted
T46__moead__zhang2025_three_objective__comparator	T46	comparator	moead	moead_paper_comparator_reconstruction_v1	zhang2025_three_objective	zhang2025_three_objective	swevo2025_moeadp_native_25_v1	shared/contracts/pbea_execution_contract.json	executable_baseline	hpc_analysis__T46__moead__zhang2025_three_objective__comparator__v1	hpc/paper_packages/T46/analysis/t46_moead_zhang2025_three_objective_comparator_hpc_analysis.json	5dc12eec0e7e7e5150584d8bc2e350473add44eda799326eb290cd9c8b29af95	pending_h5_h6	draft_h0_h4_scaffold_unadmitted
T46__morime__zhang2025_three_objective__comparator	T46	comparator	morime	morime_paper_comparator_reconstruction_v1	zhang2025_three_objective	zhang2025_three_objective	swevo2025_moeadp_native_25_v1	shared/contracts/pbea_execution_contract.json	executable_baseline	hpc_analysis__T46__morime__zhang2025_three_objective__comparator__v1	hpc/paper_packages/T46/analysis/t46_morime_zhang2025_three_objective_comparator_hpc_analysis.json	80cbecea40f4a414d406cee4ebd8311d7ca7eb05cb8eaac940e7f5166512e219	pending_h5_h6	draft_h0_h4_scaffold_unadmitted
T46__armoea__zhang2025_three_objective__comparator	T46	comparator	armoea	armoea_paper_comparator_reconstruction_v1	zhang2025_three_objective	zhang2025_three_objective	swevo2025_moeadp_native_25_v1	shared/contracts/pbea_execution_contract.json	executable_baseline	hpc_analysis__T46__armoea__zhang2025_three_objective__comparator__v1	hpc/paper_packages/T46/analysis/t46_armoea_zhang2025_three_objective_comparator_hpc_analysis.json	34b7baccca36b056b1a24a2c433913e500093d14b578e868565d31ef09198824	pending_h5_h6	draft_h0_h4_scaffold_unadmitted
T46__nsgaii__zhang2025_three_objective__comparator	T46	comparator	nsgaii	nsgaii_paper_comparator_reconstruction_v1	zhang2025_three_objective	zhang2025_three_objective	swevo2025_moeadp_native_25_v1	shared/contracts/pbea_execution_contract.json	executable_baseline	hpc_analysis__T46__nsgaii__zhang2025_three_objective__comparator__v1	hpc/paper_packages/T46/analysis/t46_nsgaii_zhang2025_three_objective_comparator_hpc_analysis.json	0050983ac78eb31a5877dc92f7ba6157882472cd2b696ee3a68296dd88757d2b	pending_h5_h6	draft_h0_h4_scaffold_unadmitted
T46__gde3__zhang2025_three_objective__comparator	T46	comparator	gde3	gde3_paper_comparator_reconstruction_v1	zhang2025_three_objective	zhang2025_three_objective	swevo2025_moeadp_native_25_v1	shared/contracts/pbea_execution_contract.json	planned_missing_native_comparator	hpc_analysis__T46__gde3__zhang2025_three_objective__comparator__v1	hpc/paper_packages/T46/analysis/t46_gde3_zhang2025_three_objective_comparator_hpc_analysis.json	62ec01d8fe8a4099bffbef67c560f87683b4487d75c72680369edddc6320ca74	pending_h5_h6	draft_h0_h4_scaffold_unadmitted
T46__smpso__zhang2025_three_objective__comparator	T46	comparator	smpso	smpso_paper_comparator_reconstruction_v1	zhang2025_three_objective	zhang2025_three_objective	swevo2025_moeadp_native_25_v1	shared/contracts/pbea_execution_contract.json	planned_missing_native_comparator	hpc_analysis__T46__smpso__zhang2025_three_objective__comparator__v1	hpc/paper_packages/T46/analysis/t46_smpso_zhang2025_three_objective_comparator_hpc_analysis.json	e54b5b7d5274a6c6b053e364a24a86dba9149053f3878ee4d04def941b233e6b	pending_h5_h6	draft_h0_h4_scaffold_unadmitted
S04__fqfode_seeded_training_declared_reconstruction_v1__fode_wflop_e0_legacy_v1__target	S04	target	fqfode_seeded_training_declared_reconstruction_v1	fqfode_seeded_training_declared_reconstruction_v1	fode_e0_common	fode_wflop_e0_legacy_v1	math2025_fqfode_native_25_v1	shared/contracts/benchmark_cases.json	executable_baseline	hpc_analysis__S04__fqfode_seeded_training_declared_reconstruction_v1__fode_wflop_e0_legacy_v1__target__v1	hpc/paper_packages/S04/analysis/s04_fqfode_seeded_training_declared_reconstruction_v1_fode_wflop_e0_legacy_v1_target_hpc_analysis.json	b4f8792f1bfb06750521bb662726a87fc0141107ca526d4fc8b1fa8c51edbe7e	pending_h5_h6	draft_h0_h4_scaffold_unadmitted
S04__fode__fode_wflop_e0_legacy_v1__comparator	S04	comparator	fode	fode_e0_physical_fes	fode_e0_common	fode_wflop_e0_legacy_v1	math2025_fqfode_native_25_v1	shared/contracts/benchmark_cases.json	executable_baseline	hpc_analysis__S04__fode__fode_wflop_e0_legacy_v1__comparator__v1	hpc/paper_packages/S04/analysis/s04_fode_fode_wflop_e0_legacy_v1_comparator_hpc_analysis.json	1379fd9859b616ad8461beae94c8495cf8fcf9729aa0071611098711895a952e	pending_h5_h6	draft_h0_h4_scaffold_unadmitted
S04__de__fode_wflop_e0_legacy_v1__comparator	S04	comparator	de	de_rand_1_bin_integer_wflop_v1	fode_e0_common	fode_wflop_e0_legacy_v1	math2025_fqfode_native_25_v1	shared/contracts/benchmark_cases.json	executable_baseline	hpc_analysis__S04__de__fode_wflop_e0_legacy_v1__comparator__v1	hpc/paper_packages/S04/analysis/s04_de_fode_wflop_e0_legacy_v1_comparator_hpc_analysis.json	c309f5cea09576217d6146a09c9f00fe8763dcdd4432ba9c9e8db28bd2f01243	pending_h5_h6	draft_h0_h4_scaffold_unadmitted
S04__lshade__fode_wflop_e0_legacy_v1__comparator	S04	comparator	lshade	lshade_paper_first_e0_physical_fes_v1	fode_e0_common	fode_wflop_e0_legacy_v1	math2025_fqfode_native_25_v1	shared/contracts/benchmark_cases.json	executable_baseline	hpc_analysis__S04__lshade__fode_wflop_e0_legacy_v1__comparator__v1	hpc/paper_packages/S04/analysis/s04_lshade_fode_wflop_e0_legacy_v1_comparator_hpc_analysis.json	8b13e7ee9c90121f97cc4e06e04cde169943a0706c0c30be57e2ef269612c5c5	pending_h5_h6	draft_h0_h4_scaffold_unadmitted
S04__clshade__fode_wflop_e0_legacy_v1__comparator	S04	comparator	clshade	clshade_paper_derived_e0_physical_fes_v1	fode_e0_common	fode_wflop_e0_legacy_v1	math2025_fqfode_native_25_v1	shared/contracts/benchmark_cases.json	executable_baseline	hpc_analysis__S04__clshade__fode_wflop_e0_legacy_v1__comparator__v1	hpc/paper_packages/S04/analysis/s04_clshade_fode_wflop_e0_legacy_v1_comparator_hpc_analysis.json	edae4e2f72461af766cd4c3be43586d343662a15934fd5fa11ad86f2d747aeae	pending_h5_h6	draft_h0_h4_scaffold_unadmitted
S04__agpso__fode_wflop_e0_legacy_v1__comparator	S04	comparator	agpso	agpso_paper_staged_parallel_e0_physical_fes_v1	fode_e0_common	fode_wflop_e0_legacy_v1	math2025_fqfode_native_25_v1	shared/contracts/benchmark_cases.json	executable_baseline	hpc_analysis__S04__agpso__fode_wflop_e0_legacy_v1__comparator__v1	hpc/paper_packages/S04/analysis/s04_agpso_fode_wflop_e0_legacy_v1_comparator_hpc_analysis.json	e2d8f959890be7a279b44676f845c0d7ae4baaace0345f20201277c38b37b0c6	pending_h5_h6	draft_h0_h4_scaffold_unadmitted
S04__ise__fode_wflop_e0_legacy_v1__comparator	S04	comparator	ise	ise_paper_derived_e0_physical_fes_v1	fode_e0_common	fode_wflop_e0_legacy_v1	math2025_fqfode_native_25_v1	shared/contracts/benchmark_cases.json	executable_baseline	hpc_analysis__S04__ise__fode_wflop_e0_legacy_v1__comparator__v1	hpc/paper_packages/S04/analysis/s04_ise_fode_wflop_e0_legacy_v1_comparator_hpc_analysis.json	af6251ab7bbeff45e02688cf141e599ca739fdd42c5be222e9e7fd219918f63e	pending_h5_h6	draft_h0_h4_scaffold_unadmitted
S03__fode__fode_wflop_e0_legacy_v1__target	S03	target	fode	fode_e0_physical_fes	fode_e0_common	fode_wflop_e0_legacy_v1	math2025_fode_native_25_v1	shared/contracts/benchmark_cases.json	executable_baseline	hpc_analysis__S03__fode__fode_wflop_e0_legacy_v1__target__v1	hpc/paper_packages/S03/analysis/s03_fode_fode_wflop_e0_legacy_v1_target_hpc_analysis.json	df3cf9bdf2d9be913f30e68a6a47b2c45a5d4e68847d63141e23b36672de2870	pending_h5_h6	draft_h0_h4_scaffold_unadmitted
S03__aga__fode_wflop_e0_legacy_v1__comparator	S03	comparator	aga	aga_paper_first_e0_physical_fes_v1	fode_e0_common	fode_wflop_e0_legacy_v1	math2025_fode_native_25_v1	shared/contracts/benchmark_cases.json	executable_baseline	hpc_analysis__S03__aga__fode_wflop_e0_legacy_v1__comparator__v1	hpc/paper_packages/S03/analysis/s03_aga_fode_wflop_e0_legacy_v1_comparator_hpc_analysis.json	bf0d31cee2f6e15da2a9541ae35847315355eaf144f324e5f389d427913e5694	pending_h5_h6	draft_h0_h4_scaffold_unadmitted
S03__sugga__fode_wflop_e0_legacy_v1__comparator	S03	comparator	sugga	sugga_frozen_surrogate_e0_physical_fes_v1	fode_e0_common	fode_wflop_e0_legacy_v1	math2025_fode_native_25_v1	shared/contracts/benchmark_cases.json	executable_baseline	hpc_analysis__S03__sugga__fode_wflop_e0_legacy_v1__comparator__v1	hpc/paper_packages/S03/analysis/s03_sugga_fode_wflop_e0_legacy_v1_comparator_hpc_analysis.json	7cc6ba399ac41d36944ca5b705c947e68bb1fe36e7ecb26a984cc5cb67e894e2	pending_h5_h6	draft_h0_h4_scaffold_unadmitted
S03__ise__fode_wflop_e0_legacy_v1__comparator	S03	comparator	ise	ise_paper_derived_e0_physical_fes_v1	fode_e0_common	fode_wflop_e0_legacy_v1	math2025_fode_native_25_v1	shared/contracts/benchmark_cases.json	executable_baseline	hpc_analysis__S03__ise__fode_wflop_e0_legacy_v1__comparator__v1	hpc/paper_packages/S03/analysis/s03_ise_fode_wflop_e0_legacy_v1_comparator_hpc_analysis.json	a8f1bdb6f43df7be91a6605fa145a3e1c375dfd5e4336fccd7057e80330d93ca	pending_h5_h6	draft_h0_h4_scaffold_unadmitted
S03__agpso__fode_wflop_e0_legacy_v1__comparator	S03	comparator	agpso	agpso_paper_staged_parallel_e0_physical_fes_v1	fode_e0_common	fode_wflop_e0_legacy_v1	math2025_fode_native_25_v1	shared/contracts/benchmark_cases.json	executable_baseline	hpc_analysis__S03__agpso__fode_wflop_e0_legacy_v1__comparator__v1	hpc/paper_packages/S03/analysis/s03_agpso_fode_wflop_e0_legacy_v1_comparator_hpc_analysis.json	a3137f05d5303761a6b78a6b93679bc86bbb6bf9c52af22b4557e6ba8c7a78ce	pending_h5_h6	draft_h0_h4_scaffold_unadmitted
S03__cgpso__fode_wflop_e0_legacy_v1__comparator	S03	comparator	cgpso	cgpso_paper_staged_parallel_e0_physical_fes_v1	fode_e0_common	fode_wflop_e0_legacy_v1	math2025_fode_native_25_v1	shared/contracts/benchmark_cases.json	executable_baseline	hpc_analysis__S03__cgpso__fode_wflop_e0_legacy_v1__comparator__v1	hpc/paper_packages/S03/analysis/s03_cgpso_fode_wflop_e0_legacy_v1_comparator_hpc_analysis.json	ebeb7c1a9505477f65a58d0236b6c4c7b1bf5b313c7a386ea2bd7bec5b099094	pending_h5_h6	draft_h0_h4_scaffold_unadmitted
S03__lshade__fode_wflop_e0_legacy_v1__comparator	S03	comparator	lshade	lshade_paper_first_e0_physical_fes_v1	fode_e0_common	fode_wflop_e0_legacy_v1	math2025_fode_native_25_v1	shared/contracts/benchmark_cases.json	executable_baseline	hpc_analysis__S03__lshade__fode_wflop_e0_legacy_v1__comparator__v1	hpc/paper_packages/S03/analysis/s03_lshade_fode_wflop_e0_legacy_v1_comparator_hpc_analysis.json	efc15c61652c69b67154aa9cbfff3c4080d5e45311ea7aab3e3371e78c77a8ac	pending_h5_h6	draft_h0_h4_scaffold_unadmitted
S03__clshade__fode_wflop_e0_legacy_v1__comparator	S03	comparator	clshade	clshade_paper_derived_e0_physical_fes_v1	fode_e0_common	fode_wflop_e0_legacy_v1	math2025_fode_native_25_v1	shared/contracts/benchmark_cases.json	executable_baseline	hpc_analysis__S03__clshade__fode_wflop_e0_legacy_v1__comparator__v1	hpc/paper_packages/S03/analysis/s03_clshade_fode_wflop_e0_legacy_v1_comparator_hpc_analysis.json	12293bfb6f3e639bf8e6a8a3eecc5e860823862054ce6f8c8cdcb20006a9bb82	pending_h5_h6	draft_h0_h4_scaffold_unadmitted
S05__wfadde__wfadde_native_declared_24_p3_v1__target	S05	target	wfadde	wfadde_preprint_derived_e0_physical_fes_v1	wfadde_native_declared_24	wfadde_native_declared_24_p3_v1	ssrn2026_wfadde_native_25_v1	shared/contracts/wfadde_native_declared_24_cases.json	executable_baseline	hpc_analysis__S05__wfadde__wfadde_native_declared_24_p3_v1__target__v1	hpc/paper_packages/S05/analysis/s05_wfadde_wfadde_native_declared_24_p3_v1_target_hpc_analysis.json	8980c592b0fb102db2082d2be053056b23122e1150948c9be65006f10214209e	pending_h5_h6	draft_h0_h4_scaffold_unadmitted
S05__fode__wfadde_native_declared_24_p3_v1__comparator	S05	comparator	fode	fode_e0_physical_fes	wfadde_native_declared_24	wfadde_native_declared_24_p3_v1	ssrn2026_wfadde_native_25_v1	shared/contracts/wfadde_native_declared_24_cases.json	executable_baseline	hpc_analysis__S05__fode__wfadde_native_declared_24_p3_v1__comparator__v1	hpc/paper_packages/S05/analysis/s05_fode_wfadde_native_declared_24_p3_v1_comparator_hpc_analysis.json	1bf9bb7edf969d66ef1cbaa38fee45ef28bc465dfab615e9b9926e9633fa03b7	pending_h5_h6	draft_h0_h4_scaffold_unadmitted
S05__lshade__wfadde_native_declared_24_p3_v1__comparator	S05	comparator	lshade	lshade_paper_first_e0_physical_fes_v1	wfadde_native_declared_24	wfadde_native_declared_24_p3_v1	ssrn2026_wfadde_native_25_v1	shared/contracts/wfadde_native_declared_24_cases.json	executable_baseline	hpc_analysis__S05__lshade__wfadde_native_declared_24_p3_v1__comparator__v1	hpc/paper_packages/S05/analysis/s05_lshade_wfadde_native_declared_24_p3_v1_comparator_hpc_analysis.json	86a46bc0a5867c87e0182781de7baba8c30d966d975b28d9785e01921fd92e76	pending_h5_h6	draft_h0_h4_scaffold_unadmitted
S05__clshade__wfadde_native_declared_24_p3_v1__comparator	S05	comparator	clshade	clshade_paper_derived_e0_physical_fes_v1	wfadde_native_declared_24	wfadde_native_declared_24_p3_v1	ssrn2026_wfadde_native_25_v1	shared/contracts/wfadde_native_declared_24_cases.json	executable_baseline	hpc_analysis__S05__clshade__wfadde_native_declared_24_p3_v1__comparator__v1	hpc/paper_packages/S05/analysis/s05_clshade_wfadde_native_declared_24_p3_v1_comparator_hpc_analysis.json	ab53f25f08fd3c58f2ca7b00f4b2f36008d8d38c92d73d2d6d7a3d32189c920d	pending_h5_h6	draft_h0_h4_scaffold_unadmitted
S05__cede__wfadde_native_declared_24_p3_v1__comparator	S05	comparator	cede	cede_paper_equations_physical_fes_v1	wfadde_native_declared_24	wfadde_native_declared_24_p3_v1	ssrn2026_wfadde_native_25_v1	shared/contracts/wfadde_native_declared_24_cases.json	executable_baseline	hpc_analysis__S05__cede__wfadde_native_declared_24_p3_v1__comparator__v1	hpc/paper_packages/S05/analysis/s05_cede_wfadde_native_declared_24_p3_v1_comparator_hpc_analysis.json	6152d43941ef89171ea1381517852a581d2d7fea3cd2d3be1412f5f6153068c1	pending_h5_h6	draft_h0_h4_scaffold_unadmitted
S05__msshade__wfadde_native_declared_24_p3_v1__comparator	S05	comparator	msshade	msshade_paper_equations_physical_fes_v1	wfadde_native_declared_24	wfadde_native_declared_24_p3_v1	ssrn2026_wfadde_native_25_v1	shared/contracts/wfadde_native_declared_24_cases.json	executable_baseline	hpc_analysis__S05__msshade__wfadde_native_declared_24_p3_v1__comparator__v1	hpc/paper_packages/S05/analysis/s05_msshade_wfadde_native_declared_24_p3_v1_comparator_hpc_analysis.json	008ff9b3a2d42549ebab4b673a53fce5918d82138488b8874b2fdb7bfdd2dbe6	pending_h5_h6	draft_h0_h4_scaffold_unadmitted
T41__aiga__agpso_aiga_hgpso_landuse_156_v1__target	T41	target	aiga	aiga_paper_derived_e0_physical_fes_v1	agpso_aiga_hgpso_landuse_156	agpso_aiga_hgpso_landuse_156_v1	jbe2024_aiga_native_25_v1	shared/contracts/agpso_aiga_hgpso_native_156_cases.json	executable_baseline	hpc_analysis__T41__aiga__agpso_aiga_hgpso_landuse_156_v1__target__v1	hpc/paper_packages/T41/analysis/t41_aiga_agpso_aiga_hgpso_landuse_156_v1_target_hpc_analysis.json	f8c17fda8b2abdd2601795dc63100ff3dd8e247bb939da7cee63be2fe7482f60	pending_h5_h6	draft_h0_h4_scaffold_unadmitted
T41__aga__agpso_aiga_hgpso_landuse_156_v1__comparator	T41	comparator	aga	aga_paper_first_e0_physical_fes_v1	agpso_aiga_hgpso_landuse_156	agpso_aiga_hgpso_landuse_156_v1	jbe2024_aiga_native_25_v1	shared/contracts/agpso_aiga_hgpso_native_156_cases.json	executable_baseline	hpc_analysis__T41__aga__agpso_aiga_hgpso_landuse_156_v1__comparator__v1	hpc/paper_packages/T41/analysis/t41_aga_agpso_aiga_hgpso_landuse_156_v1_comparator_hpc_analysis.json	0dfd6545f31e182cb8be693039ecdd2cc80b0a6988eda9e1a7f6e7ad6b61c235	pending_h5_h6	draft_h0_h4_scaffold_unadmitted
T41__sugga__agpso_aiga_hgpso_landuse_156_v1__comparator	T41	comparator	sugga	sugga_frozen_surrogate_e0_physical_fes_v1	agpso_aiga_hgpso_landuse_156	agpso_aiga_hgpso_landuse_156_v1	jbe2024_aiga_native_25_v1	shared/contracts/agpso_aiga_hgpso_native_156_cases.json	executable_baseline	hpc_analysis__T41__sugga__agpso_aiga_hgpso_landuse_156_v1__comparator__v1	hpc/paper_packages/T41/analysis/t41_sugga_agpso_aiga_hgpso_landuse_156_v1_comparator_hpc_analysis.json	5b98211b977e9cfdac9b6414b2a0c251184bba7d1a5c094c706566f4492031c5	pending_h5_h6	draft_h0_h4_scaffold_unadmitted
T41__agpso__agpso_aiga_hgpso_landuse_156_v1__comparator	T41	comparator	agpso	agpso_paper_staged_parallel_e0_physical_fes_v1	agpso_aiga_hgpso_landuse_156	agpso_aiga_hgpso_landuse_156_v1	jbe2024_aiga_native_25_v1	shared/contracts/agpso_aiga_hgpso_native_156_cases.json	executable_baseline	hpc_analysis__T41__agpso__agpso_aiga_hgpso_landuse_156_v1__comparator__v1	hpc/paper_packages/T41/analysis/t41_agpso_agpso_aiga_hgpso_landuse_156_v1_comparator_hpc_analysis.json	6636a9bc5706ea955c4d23d6b25785df8a9b8130a76a9c6c16575968d772181c	pending_h5_h6	draft_h0_h4_scaffold_unadmitted
T41__cgpso__agpso_aiga_hgpso_landuse_156_v1__comparator	T41	comparator	cgpso	cgpso_paper_staged_parallel_e0_physical_fes_v1	agpso_aiga_hgpso_landuse_156	agpso_aiga_hgpso_landuse_156_v1	jbe2024_aiga_native_25_v1	shared/contracts/agpso_aiga_hgpso_native_156_cases.json	executable_baseline	hpc_analysis__T41__cgpso__agpso_aiga_hgpso_landuse_156_v1__comparator__v1	hpc/paper_packages/T41/analysis/t41_cgpso_agpso_aiga_hgpso_landuse_156_v1_comparator_hpc_analysis.json	402a5345418b96e7edc8eb8d53737601f038bbb66223a50f8e1ce5519fdc9e28	pending_h5_h6	draft_h0_h4_scaffold_unadmitted
T47__ciga__ciga_native_declared_4_p3_v1__target	T47	target	ciga	ciga_paper_derived_e0_physical_fes_v1	ciga_native_declared_4	ciga_native_declared_4_p3_v1	eitce2025_ciga_native_25_v1	shared/contracts/ciga_native_declared_4_cases.json	executable_baseline	hpc_analysis__T47__ciga__ciga_native_declared_4_p3_v1__target__v1	hpc/paper_packages/T47/analysis/t47_ciga_ciga_native_declared_4_p3_v1_target_hpc_analysis.json	3ddb9aa1fd1c2a99c27b61b261fe5b7f664e260b2900efa812a50c6902a5dbeb	pending_h5_h6	draft_h0_h4_scaffold_unadmitted
T47__aga__ciga_native_declared_4_p3_v1__comparator	T47	comparator	aga	aga_paper_first_e0_physical_fes_v1	ciga_native_declared_4	ciga_native_declared_4_p3_v1	eitce2025_ciga_native_25_v1	shared/contracts/ciga_native_declared_4_cases.json	executable_baseline	hpc_analysis__T47__aga__ciga_native_declared_4_p3_v1__comparator__v1	hpc/paper_packages/T47/analysis/t47_aga_ciga_native_declared_4_p3_v1_comparator_hpc_analysis.json	bfbb055d669fc0552861b6436071989219f1c254b61623d93125892cc29b7a0a	pending_h5_h6	draft_h0_h4_scaffold_unadmitted
T47__sugga__ciga_native_declared_4_p3_v1__comparator	T47	comparator	sugga	sugga_frozen_surrogate_e0_physical_fes_v1	ciga_native_declared_4	ciga_native_declared_4_p3_v1	eitce2025_ciga_native_25_v1	shared/contracts/ciga_native_declared_4_cases.json	executable_baseline	hpc_analysis__T47__sugga__ciga_native_declared_4_p3_v1__comparator__v1	hpc/paper_packages/T47/analysis/t47_sugga_ciga_native_declared_4_p3_v1_comparator_hpc_analysis.json	dc515b8840d1d27a177cb68345025f5e9c5633e441388e3130926dfbb9e803e0	pending_h5_h6	draft_h0_h4_scaffold_unadmitted
T47__hgsa__ciga_native_declared_4_p3_v1__comparator	T47	comparator	hgsa	hgsa_archived_source_reconstruction_v1	ciga_native_declared_4	ciga_native_declared_4_p3_v1	eitce2025_ciga_native_25_v1	shared/contracts/ciga_native_declared_4_cases.json	executable_baseline	hpc_analysis__T47__hgsa__ciga_native_declared_4_p3_v1__comparator__v1	hpc/paper_packages/T47/analysis/t47_hgsa_ciga_native_declared_4_p3_v1_comparator_hpc_analysis.json	e0436e4a2e365a23f75088cf0ac537a6e0fd1c49903be6cddb05b1fe063b47db	pending_h5_h6	draft_h0_h4_scaffold_unadmitted
S01__cede__fode_wflop_e0_legacy_v1__target	S01	target	cede	cede_paper_equations_physical_fes_v1	fode_e0_common	fode_wflop_e0_legacy_v1	math2024_cede_native_25_v1	shared/contracts/benchmark_cases.json	executable_baseline	hpc_analysis__S01__cede__fode_wflop_e0_legacy_v1__target__v1	hpc/paper_packages/S01/analysis/s01_cede_fode_wflop_e0_legacy_v1_target_hpc_analysis.json	a0253002e670f8b167453741c3137defc375a3f16f01d06098671bd027abe5ba	pending_h5_h6	draft_h0_h4_scaffold_unadmitted
S01__de__fode_wflop_e0_legacy_v1__comparator	S01	comparator	de	de_rand_1_bin_integer_wflop_v1	fode_e0_common	fode_wflop_e0_legacy_v1	math2024_cede_native_25_v1	shared/contracts/benchmark_cases.json	executable_baseline	hpc_analysis__S01__de__fode_wflop_e0_legacy_v1__comparator__v1	hpc/paper_packages/S01/analysis/s01_de_fode_wflop_e0_legacy_v1_comparator_hpc_analysis.json	569c127dbb775755c4c9a4a844908633e19dd58055023c4dbdc2e220945fb123	pending_h5_h6	draft_h0_h4_scaffold_unadmitted
S01__lshade__fode_wflop_e0_legacy_v1__comparator	S01	comparator	lshade	lshade_paper_first_e0_physical_fes_v1	fode_e0_common	fode_wflop_e0_legacy_v1	math2024_cede_native_25_v1	shared/contracts/benchmark_cases.json	executable_baseline	hpc_analysis__S01__lshade__fode_wflop_e0_legacy_v1__comparator__v1	hpc/paper_packages/S01/analysis/s01_lshade_fode_wflop_e0_legacy_v1_comparator_hpc_analysis.json	f1f8fc951c3e329029511399e19a9d89a458801d2b4d99bb38b0756b6faf88b2	pending_h5_h6	draft_h0_h4_scaffold_unadmitted
S01__clshade__fode_wflop_e0_legacy_v1__comparator	S01	comparator	clshade	clshade_paper_derived_e0_physical_fes_v1	fode_e0_common	fode_wflop_e0_legacy_v1	math2024_cede_native_25_v1	shared/contracts/benchmark_cases.json	executable_baseline	hpc_analysis__S01__clshade__fode_wflop_e0_legacy_v1__comparator__v1	hpc/paper_packages/S01/analysis/s01_clshade_fode_wflop_e0_legacy_v1_comparator_hpc_analysis.json	aac547f15f3c96e3fc16bb57cfbef44fc75f769555091645866828416380c4c2	pending_h5_h6	draft_h0_h4_scaffold_unadmitted
S01__agpso__fode_wflop_e0_legacy_v1__comparator	S01	comparator	agpso	agpso_paper_staged_parallel_e0_physical_fes_v1	fode_e0_common	fode_wflop_e0_legacy_v1	math2024_cede_native_25_v1	shared/contracts/benchmark_cases.json	executable_baseline	hpc_analysis__S01__agpso__fode_wflop_e0_legacy_v1__comparator__v1	hpc/paper_packages/S01/analysis/s01_agpso_fode_wflop_e0_legacy_v1_comparator_hpc_analysis.json	6feb70e348c3310bb44147c9155f30c4f12bafb56e5ba4a46e1535381c59f3e4	pending_h5_h6	draft_h0_h4_scaffold_unadmitted
S01__ise__fode_wflop_e0_legacy_v1__comparator	S01	comparator	ise	ise_paper_derived_e0_physical_fes_v1	fode_e0_common	fode_wflop_e0_legacy_v1	math2024_cede_native_25_v1	shared/contracts/benchmark_cases.json	executable_baseline	hpc_analysis__S01__ise__fode_wflop_e0_legacy_v1__comparator__v1	hpc/paper_packages/S01/analysis/s01_ise_fode_wflop_e0_legacy_v1_comparator_hpc_analysis.json	d08d01af6bb6a9a2ccd5e805d8191e3895132e3d226ae5e562146bdee7b0ab40	pending_h5_h6	draft_h0_h4_scaffold_unadmitted
S02__msshade__msshade_native_declared_16_p3_v1__target	S02	target	msshade	msshade_paper_equations_physical_fes_v1	msshade_native_declared_16	msshade_native_declared_16_p3_v1	electronics2024_msshade_native_25_v1	shared/contracts/msshade_native_declared_16_cases.json	executable_baseline	hpc_analysis__S02__msshade__msshade_native_declared_16_p3_v1__target__v1	hpc/paper_packages/S02/analysis/s02_msshade_msshade_native_declared_16_p3_v1_target_hpc_analysis.json	2fe61f180ef5cefbd6acc652134211540bbf6fc38917917d97c3f73bb97c78a4	pending_h5_h6	draft_h0_h4_scaffold_unadmitted
S02__shade__msshade_native_declared_16_p3_v1__comparator	S02	comparator	shade	shade_success_history_integer_wflop_v1	msshade_native_declared_16	msshade_native_declared_16_p3_v1	electronics2024_msshade_native_25_v1	shared/contracts/msshade_native_declared_16_cases.json	executable_baseline	hpc_analysis__S02__shade__msshade_native_declared_16_p3_v1__comparator__v1	hpc/paper_packages/S02/analysis/s02_shade_msshade_native_declared_16_p3_v1_comparator_hpc_analysis.json	53ab439ed1b68ea2759b6016e936f162f131dbdff5aeb2ddc1a110c1b205fc0a	pending_h5_h6	draft_h0_h4_scaffold_unadmitted
S02__lshade__msshade_native_declared_16_p3_v1__comparator	S02	comparator	lshade	lshade_paper_first_e0_physical_fes_v1	msshade_native_declared_16	msshade_native_declared_16_p3_v1	electronics2024_msshade_native_25_v1	shared/contracts/msshade_native_declared_16_cases.json	executable_baseline	hpc_analysis__S02__lshade__msshade_native_declared_16_p3_v1__comparator__v1	hpc/paper_packages/S02/analysis/s02_lshade_msshade_native_declared_16_p3_v1_comparator_hpc_analysis.json	1ded260309548b41bf1e64dd8d222aa6a34ec0bcef91f730f959d83d8549ef37	pending_h5_h6	draft_h0_h4_scaffold_unadmitted
S02__aga__msshade_native_declared_16_p3_v1__comparator	S02	comparator	aga	aga_paper_first_e0_physical_fes_v1	msshade_native_declared_16	msshade_native_declared_16_p3_v1	electronics2024_msshade_native_25_v1	shared/contracts/msshade_native_declared_16_cases.json	executable_baseline	hpc_analysis__S02__aga__msshade_native_declared_16_p3_v1__comparator__v1	hpc/paper_packages/S02/analysis/s02_aga_msshade_native_declared_16_p3_v1_comparator_hpc_analysis.json	4aece6dcf06982ed2f0c76e42f199f0ad2eee4a31f6cee37d3c4b9c8792db628	pending_h5_h6	draft_h0_h4_scaffold_unadmitted
S02__agpso__msshade_native_declared_16_p3_v1__comparator	S02	comparator	agpso	agpso_paper_staged_parallel_e0_physical_fes_v1	msshade_native_declared_16	msshade_native_declared_16_p3_v1	electronics2024_msshade_native_25_v1	shared/contracts/msshade_native_declared_16_cases.json	executable_baseline	hpc_analysis__S02__agpso__msshade_native_declared_16_p3_v1__comparator__v1	hpc/paper_packages/S02/analysis/s02_agpso_msshade_native_declared_16_p3_v1_comparator_hpc_analysis.json	192d84350f48e1dfd04a8f585f7f1637476d70208ade85616d6b55d293dde969	pending_h5_h6	draft_h0_h4_scaffold_unadmitted
S02__cgpso__msshade_native_declared_16_p3_v1__comparator	S02	comparator	cgpso	cgpso_paper_staged_parallel_e0_physical_fes_v1	msshade_native_declared_16	msshade_native_declared_16_p3_v1	electronics2024_msshade_native_25_v1	shared/contracts/msshade_native_declared_16_cases.json	executable_baseline	hpc_analysis__S02__cgpso__msshade_native_declared_16_p3_v1__comparator__v1	hpc/paper_packages/S02/analysis/s02_cgpso_msshade_native_declared_16_p3_v1_comparator_hpc_analysis.json	7530253a91301fc6fe96664de72c92ab2cd5541415b2308736b9cba40cb6d22f	pending_h5_h6	draft_h0_h4_scaffold_unadmitted
Y34__lsde__lsde_large_declared_12_p3_v1__target	Y34	target	lsde	lsde_paper_derived_e0_physical_fes_v1	lsde_large_declared_12	lsde_large_declared_12_p3_v1	cit2026_lsde_native_25_v1	shared/contracts/lsde_native_declared_12_cases.json	executable_baseline	hpc_analysis__Y34__lsde__lsde_large_declared_12_p3_v1__target__v1	hpc/paper_packages/Y34/analysis/y34_lsde_lsde_large_declared_12_p3_v1_target_hpc_analysis.json	19c70a2ffa814b3ea4f8c417657c92ed1868f83799669d5cfa16d99d3b03505f	pending_h5_h6	draft_h0_h4_scaffold_unadmitted
Y34__de__lsde_large_declared_12_p3_v1__comparator	Y34	comparator	de	de_rand_1_bin_integer_wflop_v1	lsde_large_declared_12	lsde_large_declared_12_p3_v1	cit2026_lsde_native_25_v1	shared/contracts/lsde_native_declared_12_cases.json	executable_baseline	hpc_analysis__Y34__de__lsde_large_declared_12_p3_v1__comparator__v1	hpc/paper_packages/Y34/analysis/y34_de_lsde_large_declared_12_p3_v1_comparator_hpc_analysis.json	d396b2edf78c7cb7b62ed183ae576bb223a5117d3427e9cda7b43743f30fa105	pending_h5_h6	draft_h0_h4_scaffold_unadmitted
Y34__lshade__lsde_large_declared_12_p3_v1__comparator	Y34	comparator	lshade	lshade_paper_first_e0_physical_fes_v1	lsde_large_declared_12	lsde_large_declared_12_p3_v1	cit2026_lsde_native_25_v1	shared/contracts/lsde_native_declared_12_cases.json	executable_baseline	hpc_analysis__Y34__lshade__lsde_large_declared_12_p3_v1__comparator__v1	hpc/paper_packages/Y34/analysis/y34_lshade_lsde_large_declared_12_p3_v1_comparator_hpc_analysis.json	1a77c9bf6836950610887b498db4d07d2578c95ceeb8899725397f4e78f3b5d5	pending_h5_h6	draft_h0_h4_scaffold_unadmitted
Y34__clshade__lsde_large_declared_12_p3_v1__comparator	Y34	comparator	clshade	clshade_paper_derived_e0_physical_fes_v1	lsde_large_declared_12	lsde_large_declared_12_p3_v1	cit2026_lsde_native_25_v1	shared/contracts/lsde_native_declared_12_cases.json	executable_baseline	hpc_analysis__Y34__clshade__lsde_large_declared_12_p3_v1__comparator__v1	hpc/paper_packages/Y34/analysis/y34_clshade_lsde_large_declared_12_p3_v1_comparator_hpc_analysis.json	99119e7d5e8fb0b7bef438be2fe4bd6f728245f3ef069d5d17c8bab294a35586	pending_h5_h6	draft_h0_h4_scaffold_unadmitted
Y34__bde__lsde_large_declared_12_p3_v1__comparator	Y34	comparator	bde	bde_paper_equations_physical_fes_v1	lsde_large_declared_12	lsde_large_declared_12_p3_v1	cit2026_lsde_native_25_v1	shared/contracts/lsde_native_declared_12_cases.json	executable_baseline	hpc_analysis__Y34__bde__lsde_large_declared_12_p3_v1__comparator__v1	hpc/paper_packages/Y34/analysis/y34_bde_lsde_large_declared_12_p3_v1_comparator_hpc_analysis.json	61bb8fb766652a4fdf1224f4e30e299cc16f39608d58884785521b6dbbc58959	pending_h5_h6	draft_h0_h4_scaffold_unadmitted
Y34__wfadde__lsde_large_declared_12_p3_v1__comparator	Y34	comparator	wfadde	wfadde_preprint_derived_e0_physical_fes_v1	lsde_large_declared_12	lsde_large_declared_12_p3_v1	cit2026_lsde_native_25_v1	shared/contracts/lsde_native_declared_12_cases.json	executable_baseline	hpc_analysis__Y34__wfadde__lsde_large_declared_12_p3_v1__comparator__v1	hpc/paper_packages/Y34/analysis/y34_wfadde_lsde_large_declared_12_p3_v1_comparator_hpc_analysis.json	2d993b84e2a776fc7cb092a4a7dfb8e0f3b1ecc2da4060ef478749cb77100ab3	pending_h5_h6	draft_h0_h4_scaffold_unadmitted
T44__bde__bde2025_standard_daegwallyeong__target	T44	target	bde	bde_paper_source_completed_v1	bde2025_standard_daegwallyeong	bde2025_standard_daegwallyeong	energy2025_bde_native_25_v1	shared/contracts/bde_ws56_declared_proxy_cases.json	executable_baseline	hpc_analysis__T44__bde__bde2025_standard_daegwallyeong__target__v1	hpc/paper_packages/T44/analysis/t44_bde_bde2025_standard_daegwallyeong_target_hpc_analysis.json	fa2d7cc1f5290c4f7d13cbe5ce66b39214eb2b115c07946108630b605df959b7	pending_h5_h6	draft_h0_h4_scaffold_unadmitted
T44__de__bde2025_standard_daegwallyeong__comparator	T44	comparator	de	de_rand_1_bin_integer_wflop_v1	bde2025_standard_daegwallyeong	bde2025_standard_daegwallyeong	energy2025_bde_native_25_v1	shared/contracts/bde_ws56_declared_proxy_cases.json	planned_missing_native_comparator	hpc_analysis__T44__de__bde2025_standard_daegwallyeong__comparator__v1	hpc/paper_packages/T44/analysis/t44_de_bde2025_standard_daegwallyeong_comparator_hpc_analysis.json	0700e1d31dcc07920c920bcaa21b81cdc25129aee17b30085df64af1f2b89bc3	pending_h5_h6	draft_h0_h4_scaffold_unadmitted
T44__lshade__bde2025_standard_daegwallyeong__comparator	T44	comparator	lshade	lshade_paper_first_e0_physical_fes_v1	bde2025_standard_daegwallyeong	bde2025_standard_daegwallyeong	energy2025_bde_native_25_v1	shared/contracts/bde_ws56_declared_proxy_cases.json	planned_missing_native_comparator	hpc_analysis__T44__lshade__bde2025_standard_daegwallyeong__comparator__v1	hpc/paper_packages/T44/analysis/t44_lshade_bde2025_standard_daegwallyeong_comparator_hpc_analysis.json	fe113c1303455ab3c96398ac4397095ce36f9b25665ced71fbf0b24fad017a5b	pending_h5_h6	draft_h0_h4_scaffold_unadmitted
T44__clshade__bde2025_standard_daegwallyeong__comparator	T44	comparator	clshade	clshade_paper_derived_e0_physical_fes_v1	bde2025_standard_daegwallyeong	bde2025_standard_daegwallyeong	energy2025_bde_native_25_v1	shared/contracts/bde_ws56_declared_proxy_cases.json	planned_missing_native_comparator	hpc_analysis__T44__clshade__bde2025_standard_daegwallyeong__comparator__v1	hpc/paper_packages/T44/analysis/t44_clshade_bde2025_standard_daegwallyeong_comparator_hpc_analysis.json	5f0500024d41f47c4ef7fe883e62037702a35229b0dfec6e31ca1988de6c8266	pending_h5_h6	draft_h0_h4_scaffold_unadmitted
T44__agpso__bde2025_standard_daegwallyeong__comparator	T44	comparator	agpso	agpso_paper_staged_parallel_e0_physical_fes_v1	bde2025_standard_daegwallyeong	bde2025_standard_daegwallyeong	energy2025_bde_native_25_v1	shared/contracts/bde_ws56_declared_proxy_cases.json	planned_missing_native_comparator	hpc_analysis__T44__agpso__bde2025_standard_daegwallyeong__comparator__v1	hpc/paper_packages/T44/analysis/t44_agpso_bde2025_standard_daegwallyeong_comparator_hpc_analysis.json	97648a721bd8390707d0623a85bd33a1529e702ef750623ca416d203d603b638	pending_h5_h6	draft_h0_h4_scaffold_unadmitted
T43__ppga__ppga_nantong_structured_3d_declared_proxy_v1__target	T43	target	ppga	ppga_nantong_structured_3d_declared_reconstruction_v2	ppga_nantong_structured_3d_declared_proxy_v1	ppga_nantong_structured_3d_declared_proxy_v1	jas2025_ppga_native_25_v1	shared/contracts/ppga_nantong_structured_3d_declared_proxy_cases.json	executable_baseline	hpc_analysis__T43__ppga__ppga_nantong_structured_3d_declared_proxy_v1__target__v1	hpc/paper_packages/T43/analysis/t43_ppga_ppga_nantong_structured_3d_declared_proxy_v1_target_hpc_analysis.json	2ed195aecd5d9bdca15746b662fc8f956163ccb38cf84769fb9bccfa25de72ae	pending_h5_h6	draft_h0_h4_scaffold_unadmitted
T43__ga__ppga_nantong_structured_3d_declared_proxy_v1__comparator	T43	comparator	ga	ga_paper_comparator_reconstruction_v1	ppga_nantong_structured_3d_declared_proxy_v1	ppga_nantong_structured_3d_declared_proxy_v1	jas2025_ppga_native_25_v1	shared/contracts/ppga_nantong_structured_3d_declared_proxy_cases.json	planned_missing_native_comparator	hpc_analysis__T43__ga__ppga_nantong_structured_3d_declared_proxy_v1__comparator__v1	hpc/paper_packages/T43/analysis/t43_ga_ppga_nantong_structured_3d_declared_proxy_v1_comparator_hpc_analysis.json	007475cc4d6d1f20ce0792981091fea5d1533db7283945e37b8af793d9abd0ac	pending_h5_h6	draft_h0_h4_scaffold_unadmitted
T43__aga__ppga_nantong_structured_3d_declared_proxy_v1__comparator	T43	comparator	aga	aga_paper_first_e0_physical_fes_v1	ppga_nantong_structured_3d_declared_proxy_v1	ppga_nantong_structured_3d_declared_proxy_v1	jas2025_ppga_native_25_v1	shared/contracts/ppga_nantong_structured_3d_declared_proxy_cases.json	planned_missing_native_comparator	hpc_analysis__T43__aga__ppga_nantong_structured_3d_declared_proxy_v1__comparator__v1	hpc/paper_packages/T43/analysis/t43_aga_ppga_nantong_structured_3d_declared_proxy_v1_comparator_hpc_analysis.json	bc8c940c140aebf5f794d8f285feba773e2b157fe4d040d21e03418257fab892	pending_h5_h6	draft_h0_h4_scaffold_unadmitted
T43__sugga__ppga_nantong_structured_3d_declared_proxy_v1__comparator	T43	comparator	sugga	sugga_frozen_surrogate_e0_physical_fes_v1	ppga_nantong_structured_3d_declared_proxy_v1	ppga_nantong_structured_3d_declared_proxy_v1	jas2025_ppga_native_25_v1	shared/contracts/ppga_nantong_structured_3d_declared_proxy_cases.json	planned_missing_native_comparator	hpc_analysis__T43__sugga__ppga_nantong_structured_3d_declared_proxy_v1__comparator__v1	hpc/paper_packages/T43/analysis/t43_sugga_ppga_nantong_structured_3d_declared_proxy_v1_comparator_hpc_analysis.json	3067947bbed08cae0e9a7a7f0467e1886c3bb0e070836226f400b2e6ad1c2eaf	pending_h5_h6	draft_h0_h4_scaffold_unadmitted
T43__de__ppga_nantong_structured_3d_declared_proxy_v1__comparator	T43	comparator	de	de_rand_1_bin_integer_wflop_v1	ppga_nantong_structured_3d_declared_proxy_v1	ppga_nantong_structured_3d_declared_proxy_v1	jas2025_ppga_native_25_v1	shared/contracts/ppga_nantong_structured_3d_declared_proxy_cases.json	planned_missing_native_comparator	hpc_analysis__T43__de__ppga_nantong_structured_3d_declared_proxy_v1__comparator__v1	hpc/paper_packages/T43/analysis/t43_de_ppga_nantong_structured_3d_declared_proxy_v1_comparator_hpc_analysis.json	ac40ac3f1c303d44f465f98937cf424e5c50f7021948bb729e2522ca776fdc8e	pending_h5_h6	draft_h0_h4_scaffold_unadmitted
T43__agpso__ppga_nantong_structured_3d_declared_proxy_v1__comparator	T43	comparator	agpso	agpso_paper_staged_parallel_e0_physical_fes_v1	ppga_nantong_structured_3d_declared_proxy_v1	ppga_nantong_structured_3d_declared_proxy_v1	jas2025_ppga_native_25_v1	shared/contracts/ppga_nantong_structured_3d_declared_proxy_cases.json	planned_missing_native_comparator	hpc_analysis__T43__agpso__ppga_nantong_structured_3d_declared_proxy_v1__comparator__v1	hpc/paper_packages/T43/analysis/t43_agpso_ppga_nantong_structured_3d_declared_proxy_v1_comparator_hpc_analysis.json	a5f8fbfbc1593ce78088b4b48c7fec60f838db63479242ca050757ea210a6a40	pending_h5_h6	draft_h0_h4_scaffold_unadmitted
Y06__gga__gga2026_layout_cable__target	Y06	target	gga	gga_source_replay_v1	gga2026_layout_cable	gga2026_layout_cable	apenergy2026_gga_native_25_v1	shared/contracts/gga_problem_semantics.json	executable_baseline	hpc_analysis__Y06__gga__gga2026_layout_cable__target__v1	hpc/paper_packages/Y06/analysis/y06_gga_gga2026_layout_cable_target_hpc_analysis.json	102a9e0b9416eb4776dfd305ef24c9ebb67924a30b9d4d20a15a5ac07defbb29	pending_h5_h6	draft_h0_h4_scaffold_unadmitted
Y06__ga__gga2026_layout_cable__comparator	Y06	comparator	ga	ga_paper_comparator_reconstruction_v1	gga2026_layout_cable	gga2026_layout_cable	apenergy2026_gga_native_25_v1	shared/contracts/gga_problem_semantics.json	planned_missing_native_comparator	hpc_analysis__Y06__ga__gga2026_layout_cable__comparator__v1	hpc/paper_packages/Y06/analysis/y06_ga_gga2026_layout_cable_comparator_hpc_analysis.json	c6b1f25b6c405288f95c8ea776d0760075aa54ddbbc8fbb37d57a5bca56ba8b1	pending_h5_h6	draft_h0_h4_scaffold_unadmitted
Y06__de__gga2026_layout_cable__comparator	Y06	comparator	de	de_rand_1_bin_integer_wflop_v1	gga2026_layout_cable	gga2026_layout_cable	apenergy2026_gga_native_25_v1	shared/contracts/gga_problem_semantics.json	planned_missing_native_comparator	hpc_analysis__Y06__de__gga2026_layout_cable__comparator__v1	hpc/paper_packages/Y06/analysis/y06_de_gga2026_layout_cable_comparator_hpc_analysis.json	1901d0f7d7424c2aced8429313788c1cb4c5393a8a328ecc975790679861c121	pending_h5_h6	draft_h0_h4_scaffold_unadmitted
Y06__pso__gga2026_layout_cable__comparator	Y06	comparator	pso	pso_canonical_integer_wflop_v1	gga2026_layout_cable	gga2026_layout_cable	apenergy2026_gga_native_25_v1	shared/contracts/gga_problem_semantics.json	planned_missing_native_comparator	hpc_analysis__Y06__pso__gga2026_layout_cable__comparator__v1	hpc/paper_packages/Y06/analysis/y06_pso_gga2026_layout_cable_comparator_hpc_analysis.json	a6c96d642d06f854950367ccd45e977cc9ecb4df686b777ba6af3c0feaa30f69	pending_h5_h6	draft_h0_h4_scaffold_unadmitted
Y06__saofgde__gga2026_layout_cable__comparator	Y06	comparator	saofgde	saofgde_paper_comparator_reconstruction_v1	gga2026_layout_cable	gga2026_layout_cable	apenergy2026_gga_native_25_v1	shared/contracts/gga_problem_semantics.json	planned_missing_native_comparator	hpc_analysis__Y06__saofgde__gga2026_layout_cable__comparator__v1	hpc/paper_packages/Y06/analysis/y06_saofgde_gga2026_layout_cable_comparator_hpc_analysis.json	fee1d7441449f498414bb45dc29b1a2e8dcb965fe44b46aae5a1f3b841492210	pending_h5_h6	draft_h0_h4_scaffold_unadmitted
T36__tmoea__nysted_paper_eq16_cpu_r4_v2__target	T36	target	tmoea	tmoea_nysted_paper_eq16_v2	nysted_paper_eq16_cpu_r4_v2	nysted_paper_eq16_cpu_r4_v2	cpeee2026_tmoea_native_25_v1	shared/contracts/tmoea_nysted_paper_wake_gga_router_problem.json	executable_baseline	hpc_analysis__T36__tmoea__nysted_paper_eq16_cpu_r4_v2__target__v1	hpc/paper_packages/T36/analysis/t36_tmoea_nysted_paper_eq16_cpu_r4_v2_target_hpc_analysis.json	8bbe803ee6cc6bb693ad834c0f7116d3e8e1ed39d751f86ac6a632e86a4a37aa	pending_h5_h6	draft_h0_h4_scaffold_unadmitted
T36__nsgaii__nysted_paper_eq16_cpu_r4_v2__comparator	T36	comparator	nsgaii	nsgaii_paper_comparator_reconstruction_v1	nysted_paper_eq16_cpu_r4_v2	nysted_paper_eq16_cpu_r4_v2	cpeee2026_tmoea_native_25_v1	shared/contracts/tmoea_nysted_paper_wake_gga_router_problem.json	planned_missing_native_comparator	hpc_analysis__T36__nsgaii__nysted_paper_eq16_cpu_r4_v2__comparator__v1	hpc/paper_packages/T36/analysis/t36_nsgaii_nysted_paper_eq16_cpu_r4_v2_comparator_hpc_analysis.json	449b22306a1660b5eb9dbc35998a33354b31f59ad68006f49060a6c009065775	pending_h5_h6	draft_h0_h4_scaffold_unadmitted
T36__moead__nysted_paper_eq16_cpu_r4_v2__comparator	T36	comparator	moead	moead_paper_comparator_reconstruction_v1	nysted_paper_eq16_cpu_r4_v2	nysted_paper_eq16_cpu_r4_v2	cpeee2026_tmoea_native_25_v1	shared/contracts/tmoea_nysted_paper_wake_gga_router_problem.json	planned_missing_native_comparator	hpc_analysis__T36__moead__nysted_paper_eq16_cpu_r4_v2__comparator__v1	hpc/paper_packages/T36/analysis/t36_moead_nysted_paper_eq16_cpu_r4_v2_comparator_hpc_analysis.json	1d150f4b4b82327069ef5727bb3da87602b3e98bf19b392dfaf9a6595294b97f	pending_h5_h6	draft_h0_h4_scaffold_unadmitted
T36__spea2__nysted_paper_eq16_cpu_r4_v2__comparator	T36	comparator	spea2	spea2_paper_comparator_reconstruction_v1	nysted_paper_eq16_cpu_r4_v2	nysted_paper_eq16_cpu_r4_v2	cpeee2026_tmoea_native_25_v1	shared/contracts/tmoea_nysted_paper_wake_gga_router_problem.json	planned_missing_native_comparator	hpc_analysis__T36__spea2__nysted_paper_eq16_cpu_r4_v2__comparator__v1	hpc/paper_packages/T36/analysis/t36_spea2_nysted_paper_eq16_cpu_r4_v2_comparator_hpc_analysis.json	5c001752217d4fa36a2819f7026b738afc9d8155247ccb059468b88a8f08d7b6	pending_h5_h6	draft_h0_h4_scaffold_unadmitted
T36__gde3__nysted_paper_eq16_cpu_r4_v2__comparator	T36	comparator	gde3	gde3_paper_comparator_reconstruction_v1	nysted_paper_eq16_cpu_r4_v2	nysted_paper_eq16_cpu_r4_v2	cpeee2026_tmoea_native_25_v1	shared/contracts/tmoea_nysted_paper_wake_gga_router_problem.json	planned_missing_native_comparator	hpc_analysis__T36__gde3__nysted_paper_eq16_cpu_r4_v2__comparator__v1	hpc/paper_packages/T36/analysis/t36_gde3_nysted_paper_eq16_cpu_r4_v2_comparator_hpc_analysis.json	f7f22e4b05bc1ab4f6428c2929c1f2bd60b21c859b698f2e3b2e317da5b7db57	pending_h5_h6	draft_h0_h4_scaffold_unadmitted
T36__smpso__nysted_paper_eq16_cpu_r4_v2__comparator	T36	comparator	smpso	smpso_paper_comparator_reconstruction_v1	nysted_paper_eq16_cpu_r4_v2	nysted_paper_eq16_cpu_r4_v2	cpeee2026_tmoea_native_25_v1	shared/contracts/tmoea_nysted_paper_wake_gga_router_problem.json	planned_missing_native_comparator	hpc_analysis__T36__smpso__nysted_paper_eq16_cpu_r4_v2__comparator__v1	hpc/paper_packages/T36/analysis/t36_smpso_nysted_paper_eq16_cpu_r4_v2_comparator_hpc_analysis.json	896225962f00c72b41414915540637c39ebd34413ce9565447e1186cb3e7f8d2	pending_h5_h6	draft_h0_h4_scaffold_unadmitted
L0726__geoga__geoga_anholt_structured_declared_proxy_v1__target	L0726	target	geoga	geoga_declared_reconstruction_v1	geoga_anholt_structured_declared_proxy_v1	geoga_anholt_structured_declared_proxy_v1	cbd2025_geoga_native_25_v1	shared/contracts/geoga_anholt_structured_declared_proxy_case.json	executable_baseline	hpc_analysis__L0726__geoga__geoga_anholt_structured_declared_proxy_v1__target__v1	hpc/paper_packages/L0726/analysis/l0726_geoga_geoga_anholt_structured_declared_proxy_v1_target_hpc_analysis.json	89de599d6cccaadd517b7816db3fb4c8f1c01dd963cdd11616ef2509880442d2	pending_h5_h6	draft_h0_h4_scaffold_unadmitted
L0726__ga__geoga_anholt_structured_declared_proxy_v1__comparator	L0726	comparator	ga	ga_paper_comparator_reconstruction_v1	geoga_anholt_structured_declared_proxy_v1	geoga_anholt_structured_declared_proxy_v1	cbd2025_geoga_native_25_v1	shared/contracts/geoga_anholt_structured_declared_proxy_case.json	planned_missing_native_comparator	hpc_analysis__L0726__ga__geoga_anholt_structured_declared_proxy_v1__comparator__v1	hpc/paper_packages/L0726/analysis/l0726_ga_geoga_anholt_structured_declared_proxy_v1_comparator_hpc_analysis.json	a51096e8d945be76ae7335f1031ace267be7b3e43a528f291cc7093a2172ec87	pending_h5_h6	draft_h0_h4_scaffold_unadmitted
L0726__de__geoga_anholt_structured_declared_proxy_v1__comparator	L0726	comparator	de	de_rand_1_bin_integer_wflop_v1	geoga_anholt_structured_declared_proxy_v1	geoga_anholt_structured_declared_proxy_v1	cbd2025_geoga_native_25_v1	shared/contracts/geoga_anholt_structured_declared_proxy_case.json	planned_missing_native_comparator	hpc_analysis__L0726__de__geoga_anholt_structured_declared_proxy_v1__comparator__v1	hpc/paper_packages/L0726/analysis/l0726_de_geoga_anholt_structured_declared_proxy_v1_comparator_hpc_analysis.json	b92d056fd8915d2e33927128ee150a2abae19f4f91e2ce72268e4b2309a77b9b	pending_h5_h6	draft_h0_h4_scaffold_unadmitted
L0726__saofgde__geoga_anholt_structured_declared_proxy_v1__comparator	L0726	comparator	saofgde	saofgde_paper_comparator_reconstruction_v1	geoga_anholt_structured_declared_proxy_v1	geoga_anholt_structured_declared_proxy_v1	cbd2025_geoga_native_25_v1	shared/contracts/geoga_anholt_structured_declared_proxy_case.json	planned_missing_native_comparator	hpc_analysis__L0726__saofgde__geoga_anholt_structured_declared_proxy_v1__comparator__v1	hpc/paper_packages/L0726/analysis/l0726_saofgde_geoga_anholt_structured_declared_proxy_v1_comparator_hpc_analysis.json	3b11c8b7b5ecf9a5c46c6ce9dbfa9fa593ae1001aa1de3a74df0cadcd07cc187	pending_h5_h6	draft_h0_h4_scaffold_unadmitted
L0726__pso__geoga_anholt_structured_declared_proxy_v1__comparator	L0726	comparator	pso	pso_canonical_integer_wflop_v1	geoga_anholt_structured_declared_proxy_v1	geoga_anholt_structured_declared_proxy_v1	cbd2025_geoga_native_25_v1	shared/contracts/geoga_anholt_structured_declared_proxy_case.json	planned_missing_native_comparator	hpc_analysis__L0726__pso__geoga_anholt_structured_declared_proxy_v1__comparator__v1	hpc/paper_packages/L0726/analysis/l0726_pso_geoga_anholt_structured_declared_proxy_v1_comparator_hpc_analysis.json	20aab7a3df3b2dc328959f8688baf6c252a596dac4c076d3344afde2896770c7	pending_h5_h6	draft_h0_h4_scaffold_unadmitted
T40__cgpso__cgpso_complex_large_16_v1__target	T40	target	cgpso	cgpso_paper_staged_parallel_e0_physical_fes_v1	cgpso_complex_large_16	cgpso_complex_large_16_v1	jas2023_cgpso_native_25_v1	shared/contracts/cgpso_native_16_cases.json	executable_baseline	hpc_analysis__T40__cgpso__cgpso_complex_large_16_v1__target__v1	hpc/paper_packages/T40/analysis/t40_cgpso_cgpso_complex_large_16_v1_target_hpc_analysis.json	49b4078249f158777a3c940a98323187b10d68288d4c677833d5e5a1109c8628	pending_h5_h6	draft_h0_h4_scaffold_unadmitted
T40__shade__cgpso_complex_large_16_v1__comparator	T40	comparator	shade	shade_success_history_integer_wflop_v1	cgpso_complex_large_16	cgpso_complex_large_16_v1	jas2023_cgpso_native_25_v1	shared/contracts/cgpso_native_16_cases.json	executable_baseline	hpc_analysis__T40__shade__cgpso_complex_large_16_v1__comparator__v1	hpc/paper_packages/T40/analysis/t40_shade_cgpso_complex_large_16_v1_comparator_hpc_analysis.json	0fe01ba3b69a2aeca07101895dad818de58f017a061e2f6a884a1f9ec152b60b	pending_h5_h6	draft_h0_h4_scaffold_unadmitted
T40__cjade__cgpso_complex_large_16_v1__comparator	T40	comparator	cjade	cjade_archived_source_reconstruction_v1	cgpso_complex_large_16	cgpso_complex_large_16_v1	jas2023_cgpso_native_25_v1	shared/contracts/cgpso_native_16_cases.json	executable_baseline	hpc_analysis__T40__cjade__cgpso_complex_large_16_v1__comparator__v1	hpc/paper_packages/T40/analysis/t40_cjade_cgpso_complex_large_16_v1_comparator_hpc_analysis.json	0446b15022b03b9bae0bbe89f204e8f46ef9336f085295d6f4ac7dec14b7d0a9	pending_h5_h6	draft_h0_h4_scaffold_unadmitted
T40__algsa__cgpso_complex_large_16_v1__comparator	T40	comparator	algsa	algsa_archived_source_reconstruction_v1	cgpso_complex_large_16	cgpso_complex_large_16_v1	jas2023_cgpso_native_25_v1	shared/contracts/cgpso_native_16_cases.json	executable_baseline	hpc_analysis__T40__algsa__cgpso_complex_large_16_v1__comparator__v1	hpc/paper_packages/T40/analysis/t40_algsa_cgpso_complex_large_16_v1_comparator_hpc_analysis.json	397a49a251964c6fd452c45fe37aaa80adcb4caf61f387e72c1745c5927dfd86	pending_h5_h6	draft_h0_h4_scaffold_unadmitted
T40__hgsa__cgpso_complex_large_16_v1__comparator	T40	comparator	hgsa	hgsa_archived_source_reconstruction_v1	cgpso_complex_large_16	cgpso_complex_large_16_v1	jas2023_cgpso_native_25_v1	shared/contracts/cgpso_native_16_cases.json	executable_baseline	hpc_analysis__T40__hgsa__cgpso_complex_large_16_v1__comparator__v1	hpc/paper_packages/T40/analysis/t40_hgsa_cgpso_complex_large_16_v1_comparator_hpc_analysis.json	7cf7337fae3da60cfb442853e4ab95fea619d9be78810b22e169048dfcb0ab41	pending_h5_h6	draft_h0_h4_scaffold_unadmitted
T40__glpso__cgpso_complex_large_16_v1__comparator	T40	comparator	glpso	glpso_archived_source_reconstruction_v1	cgpso_complex_large_16	cgpso_complex_large_16_v1	jas2023_cgpso_native_25_v1	shared/contracts/cgpso_native_16_cases.json	executable_baseline	hpc_analysis__T40__glpso__cgpso_complex_large_16_v1__comparator__v1	hpc/paper_packages/T40/analysis/t40_glpso_cgpso_complex_large_16_v1_comparator_hpc_analysis.json	dd407886acfc2d6ac1366e654b559f7fe0667378add8f67f14bf94a1f73c248e	pending_h5_h6	draft_h0_h4_scaffold_unadmitted
T40__clpso__cgpso_complex_large_16_v1__comparator	T40	comparator	clpso	clpso_archived_source_reconstruction_v1	cgpso_complex_large_16	cgpso_complex_large_16_v1	jas2023_cgpso_native_25_v1	shared/contracts/cgpso_native_16_cases.json	executable_baseline	hpc_analysis__T40__clpso__cgpso_complex_large_16_v1__comparator__v1	hpc/paper_packages/T40/analysis/t40_clpso_cgpso_complex_large_16_v1_comparator_hpc_analysis.json	c74079e1fd58525cbf1f8f1582d0287315cc4f1294a28750a30629fe2789d785	pending_h5_h6	draft_h0_h4_scaffold_unadmitted
Y35__hgpso__agpso_aiga_hgpso_landuse_156_v1__target	Y35	target	hgpso	hgpso_paper_equations_physical_fes_v1	agpso_aiga_hgpso_landuse_156	agpso_aiga_hgpso_landuse_156_v1	tst2026_hgpso_native_25_v1	shared/contracts/agpso_aiga_hgpso_native_156_cases.json	executable_baseline	hpc_analysis__Y35__hgpso__agpso_aiga_hgpso_landuse_156_v1__target__v1	hpc/paper_packages/Y35/analysis/y35_hgpso_agpso_aiga_hgpso_landuse_156_v1_target_hpc_analysis.json	d4c35d9c059f7e83cb43925b95e9d760fc1827e9334fc50833688ebadc041832	pending_h5_h6	draft_h0_h4_scaffold_unadmitted
Y35__aga__agpso_aiga_hgpso_landuse_156_v1__comparator	Y35	comparator	aga	aga_paper_first_e0_physical_fes_v1	agpso_aiga_hgpso_landuse_156	agpso_aiga_hgpso_landuse_156_v1	tst2026_hgpso_native_25_v1	shared/contracts/agpso_aiga_hgpso_native_156_cases.json	executable_baseline	hpc_analysis__Y35__aga__agpso_aiga_hgpso_landuse_156_v1__comparator__v1	hpc/paper_packages/Y35/analysis/y35_aga_agpso_aiga_hgpso_landuse_156_v1_comparator_hpc_analysis.json	a342bd885d574736d0f85d31f3a60a19102e5227fae535d5104de12a22d7577f	pending_h5_h6	draft_h0_h4_scaffold_unadmitted
Y35__siga__agpso_aiga_hgpso_landuse_156_v1__comparator	Y35	comparator	siga	siga_information_guided_integer_wflop_v1	agpso_aiga_hgpso_landuse_156	agpso_aiga_hgpso_landuse_156_v1	tst2026_hgpso_native_25_v1	shared/contracts/agpso_aiga_hgpso_native_156_cases.json	executable_baseline	hpc_analysis__Y35__siga__agpso_aiga_hgpso_landuse_156_v1__comparator__v1	hpc/paper_packages/Y35/analysis/y35_siga_agpso_aiga_hgpso_landuse_156_v1_comparator_hpc_analysis.json	e353e62fae4e9fbb5887b7d528509a20cd4519461108f9ae504bf305e905c9f7	pending_h5_h6	draft_h0_h4_scaffold_unadmitted
Y35__sugga__agpso_aiga_hgpso_landuse_156_v1__comparator	Y35	comparator	sugga	sugga_frozen_surrogate_e0_physical_fes_v1	agpso_aiga_hgpso_landuse_156	agpso_aiga_hgpso_landuse_156_v1	tst2026_hgpso_native_25_v1	shared/contracts/agpso_aiga_hgpso_native_156_cases.json	executable_baseline	hpc_analysis__Y35__sugga__agpso_aiga_hgpso_landuse_156_v1__comparator__v1	hpc/paper_packages/Y35/analysis/y35_sugga_agpso_aiga_hgpso_landuse_156_v1_comparator_hpc_analysis.json	ab4c0369dcfec284154d2edbaa62377dd817d36811cd212354050679c9c60024	pending_h5_h6	draft_h0_h4_scaffold_unadmitted
Y35__agpso__agpso_aiga_hgpso_landuse_156_v1__comparator	Y35	comparator	agpso	agpso_paper_staged_parallel_e0_physical_fes_v1	agpso_aiga_hgpso_landuse_156	agpso_aiga_hgpso_landuse_156_v1	tst2026_hgpso_native_25_v1	shared/contracts/agpso_aiga_hgpso_native_156_cases.json	executable_baseline	hpc_analysis__Y35__agpso__agpso_aiga_hgpso_landuse_156_v1__comparator__v1	hpc/paper_packages/Y35/analysis/y35_agpso_agpso_aiga_hgpso_landuse_156_v1_comparator_hpc_analysis.json	af3cc923ff52818765222a281530eccd9e493bb0388b53e90ba84040c0f6a519	pending_h5_h6	draft_h0_h4_scaffold_unadmitted
Y35__cgpso__agpso_aiga_hgpso_landuse_156_v1__comparator	Y35	comparator	cgpso	cgpso_paper_staged_parallel_e0_physical_fes_v1	agpso_aiga_hgpso_landuse_156	agpso_aiga_hgpso_landuse_156_v1	tst2026_hgpso_native_25_v1	shared/contracts/agpso_aiga_hgpso_native_156_cases.json	executable_baseline	hpc_analysis__Y35__cgpso__agpso_aiga_hgpso_landuse_156_v1__comparator__v1	hpc/paper_packages/Y35/analysis/y35_cgpso_agpso_aiga_hgpso_landuse_156_v1_comparator_hpc_analysis.json	37f450b3a251fc0bd584b5ecb7a697eb9d3680f8b87e79e264c360a16eb71624	pending_h5_h6	draft_h0_h4_scaffold_unadmitted
