pair_id	corpus_id	role	algorithm_id	method_semantic_id	problem_id	problem_semantic_id	paper_protocol_id	native_asset	implementation_status	analysis_id	analysis_path	analysis_sha256	validation_status	theory_status
Y36__taae_transformer_evolution_declared_reconstruction_v1__taae_zhangbei_structured_declared_proxy_v1__target	Y36	target	taae_transformer_evolution_declared_reconstruction_v1	taae_transformer_evolution_declared_reconstruction_v1	taae_zhangbei_structured_declared_proxy_v1	taae_zhangbei_structured_declared_proxy_v1	ma2026_native_25_v1	shared/contracts/taae_zhangbei_structured_declared_proxy_cases.json	executable_baseline	plan003_hpc_analysis__Y36__taae_transformer_evolution_declared_reconstruction_v1__taae_zhangbei_structured_declared_proxy_v1__target__v1	hpc/core_target_plans/y36_target_hpc_analysis.json	785706497af63397265fc74ce89123b2b8480d5604d77589617a5f2539bd0414	pending_h5_h6	accepted_pair_specific_h0_h4
L0608__alshade__alshade_complex_wake_117_v1__target	L0608	target	alshade	alshade_paper_derived_e0_physical_fes_v1	alshade_complex_wake_117	alshade_complex_wake_117_v1	pic2024_alshade_native_25_v1	shared/contracts/alshade_native_117_cases.json	executable_baseline	plan003_hpc_analysis__L0608__alshade__alshade_complex_wake_117_v1__target__v1	hpc/core_target_plans/l0608_target_hpc_analysis.json	9eb2821db4c4d17219498d66f8490d69dabdac9a9c2f619d1fffbf846a62ecb6	pending_h5_h6	accepted_pair_specific_h0_h4
T42__rlpso_paper_corrected_training_reconstruction_v1__rpso2024_source_problem_ws1_ws4__target	T42	target	rlpso_paper_corrected_training_reconstruction_v1	rlpso_paper_corrected_training_reconstruction_v1	rpso2024_source_problem_ws1_ws4	rpso2024_source_problem_ws1_ws4	energy2024_rlpso_native_25_v1	.source-cache/generated/rpso_source_problem/benchmark_cases.json	executable_baseline	plan003_hpc_analysis__T42__rlpso_paper_corrected_training_reconstruction_v1__rpso2024_source_problem_ws1_ws4__target__v1	hpc/core_target_plans/t42_target_hpc_analysis.json	1ed21f7c47e6042e1545db70ce07196776749f32ced828484a14798a045f5155	pending_h5_h6	accepted_pair_specific_h0_h4
T37__agpso__agpso_aiga_hgpso_landuse_156_v1__target	T37	target	agpso	agpso_paper_staged_parallel_e0_physical_fes_v1	agpso_aiga_hgpso_landuse_156	agpso_aiga_hgpso_landuse_156_v1	enconman2022_agpso_native_25_v1	shared/contracts/agpso_aiga_hgpso_native_156_cases.json	executable_baseline	plan003_hpc_analysis__T37__agpso__agpso_aiga_hgpso_landuse_156_v1__target__v1	hpc/core_target_plans/t37_target_hpc_analysis.json	15e592c7295a839081fb28f6faf203e84c3642a2840af1f9e60afc7b73a50932	pending_h5_h6	accepted_pair_specific_h0_h4
T45__alga_attention_declared_reconstruction_v1__alga_guishan_3d_declared_proxy_v1__target	T45	target	alga_attention_declared_reconstruction_v1	alga_attention_declared_reconstruction_v1	alga_guishan_3d_declared_proxy_v1	alga_guishan_3d_declared_proxy_v1	swevo2025_alga_native_25_v1	shared/contracts/alga_guishan_3d_declared_proxy_cases.json	executable_baseline	plan003_hpc_analysis__T45__alga_attention_declared_reconstruction_v1__alga_guishan_3d_declared_proxy_v1__target__v1	hpc/core_target_plans/t45_target_hpc_analysis.json	d7f7d7f41e5d42923fb517512d60a7f77643c8b1458ec0c7c19066134acd068c	pending_h5_h6	accepted_pair_specific_h0_h4
T38__clshade__clshade_landuse_117_v1__target	T38	target	clshade	clshade_paper_derived_e0_physical_fes_v1	clshade_landuse_117	clshade_landuse_117_v1	asoc2023_clshade_native_25_v1	shared/contracts/clshade_native_117_cases.json	executable_baseline	plan003_hpc_analysis__T38__clshade__clshade_landuse_117_v1__target__v1	hpc/core_target_plans/t38_target_hpc_analysis.json	d388d7fefe1d599c5c46d068802e3dd6fccc491cb3e42b6d8435950c821f0a91	pending_h5_h6	accepted_pair_specific_h0_h4
T39__ise__ise_landuse_117_v1__target	T39	target	ise	ise_paper_derived_e0_physical_fes_v1	ise_landuse_117	ise_landuse_117_v1	engappai2023_ise_native_25_v1	shared/contracts/ise_native_117_cases.json	executable_baseline	plan003_hpc_analysis__T39__ise__ise_landuse_117_v1__target__v1	hpc/core_target_plans/t39_target_hpc_analysis.json	bce40851b651ec4157021fd9f82705bd832abe623dfc3369f006e4a764c234f4	pending_h5_h6	accepted_pair_specific_h0_h4
T46__moead_p__zhang2025_three_objective__target	T46	target	moead_p	moead_p_repaired_v1	zhang2025_three_objective	zhang2025_three_objective	swevo2025_moeadp_native_25_v1	shared/contracts/pbea_execution_contract.json	executable_baseline	plan003_hpc_analysis__T46__moead_p__zhang2025_three_objective__target__v1	hpc/core_target_plans/t46_target_hpc_analysis.json	ebb15a9206602f6386e4e9de20ca6f4e890fe77b2e3a082d0ae3e048fcabd8c2	pending_h5_h6	accepted_pair_specific_h0_h4
S04__fqfode_seeded_training_declared_reconstruction_v1__fode_wflop_e0_legacy_v1__target	S04	target	fqfode_seeded_training_declared_reconstruction_v1	fqfode_seeded_training_declared_reconstruction_v1	fode_e0_common	fode_wflop_e0_legacy_v1	math2025_fqfode_native_25_v1	shared/contracts/benchmark_cases.json	executable_baseline	plan003_hpc_analysis__S04__fqfode_seeded_training_declared_reconstruction_v1__fode_wflop_e0_legacy_v1__target__v1	hpc/core_target_plans/s04_target_hpc_analysis.json	4244e518a8a9b1b6ac94407520aaae8ab627f9fab1cb16a0d61987a6f7779586	pending_h5_h6	accepted_pair_specific_h0_h4
S03__fode__fode_wflop_e0_legacy_v1__target	S03	target	fode	fode_e0_physical_fes	fode_e0_common	fode_wflop_e0_legacy_v1	math2025_fode_native_25_v1	shared/contracts/benchmark_cases.json	executable_baseline	plan003_hpc_analysis__S03__fode__fode_wflop_e0_legacy_v1__target__v1	hpc/core_target_plans/s03_target_hpc_analysis.json	f8a97d5e9c8485195b19bd449c175e905178d9c12de81a976e7ac77cb32ef420	pending_h5_h6	accepted_pair_specific_h0_h4
S05__wfadde__wfadde_native_declared_24_p3_v1__target	S05	target	wfadde	wfadde_preprint_derived_e0_physical_fes_v1	wfadde_native_declared_24	wfadde_native_declared_24_p3_v1	ssrn2026_wfadde_native_25_v1	shared/contracts/wfadde_native_declared_24_cases.json	executable_baseline	plan003_hpc_analysis__S05__wfadde__wfadde_native_declared_24_p3_v1__target__v1	hpc/core_target_plans/s05_target_hpc_analysis.json	370a23f8c0fcb66cb09ef12d7105d6f168fda319b5729e3734c6bde81d873afe	pending_h5_h6	accepted_pair_specific_h0_h4
T41__aiga__agpso_aiga_hgpso_landuse_156_v1__target	T41	target	aiga	aiga_paper_derived_e0_physical_fes_v1	agpso_aiga_hgpso_landuse_156	agpso_aiga_hgpso_landuse_156_v1	jbe2024_aiga_native_25_v1	shared/contracts/agpso_aiga_hgpso_native_156_cases.json	executable_baseline	plan003_hpc_analysis__T41__aiga__agpso_aiga_hgpso_landuse_156_v1__target__v1	hpc/core_target_plans/t41_target_hpc_analysis.json	28ba6eba17881d26ffc40b58cf38e6099a32470fa9e31ce096bc9778cc7247ca	pending_h5_h6	accepted_pair_specific_h0_h4
T47__ciga__ciga_native_declared_4_p3_v1__target	T47	target	ciga	ciga_paper_derived_e0_physical_fes_v1	ciga_native_declared_4	ciga_native_declared_4_p3_v1	eitce2025_ciga_native_25_v1	shared/contracts/ciga_native_declared_4_cases.json	executable_baseline	plan003_hpc_analysis__T47__ciga__ciga_native_declared_4_p3_v1__target__v1	hpc/core_target_plans/t47_target_hpc_analysis.json	a3fff4dade601859b0791ae5e72a43a34f8f03aadcefe2bcbcb007bd17c01f9a	pending_h5_h6	accepted_pair_specific_h0_h4
S01__cede__fode_wflop_e0_legacy_v1__target	S01	target	cede	cede_paper_equations_physical_fes_v1	fode_e0_common	fode_wflop_e0_legacy_v1	math2024_cede_native_25_v1	shared/contracts/benchmark_cases.json	executable_baseline	plan003_hpc_analysis__S01__cede__fode_wflop_e0_legacy_v1__target__v1	hpc/core_target_plans/s01_target_hpc_analysis.json	eeebbf6f05cec7d0a981f2d299f8dffbeff3960665b19eaa55f7b8c2063ca688	pending_h5_h6	accepted_pair_specific_h0_h4
S02__msshade__msshade_native_declared_16_p3_v1__target	S02	target	msshade	msshade_paper_equations_physical_fes_v1	msshade_native_declared_16	msshade_native_declared_16_p3_v1	electronics2024_msshade_native_25_v1	shared/contracts/msshade_native_declared_16_cases.json	executable_baseline	plan003_hpc_analysis__S02__msshade__msshade_native_declared_16_p3_v1__target__v1	hpc/core_target_plans/s02_target_hpc_analysis.json	63b94a169fa868f813c2385f0cc11e838b2511ac683696a1aecc34c4d7d41a01	pending_h5_h6	accepted_pair_specific_h0_h4
Y34__lsde__lsde_large_declared_12_p3_v1__target	Y34	target	lsde	lsde_paper_derived_e0_physical_fes_v1	lsde_large_declared_12	lsde_large_declared_12_p3_v1	cit2026_lsde_native_25_v1	shared/contracts/lsde_native_declared_12_cases.json	executable_baseline	plan003_hpc_analysis__Y34__lsde__lsde_large_declared_12_p3_v1__target__v1	hpc/core_target_plans/y34_target_hpc_analysis.json	b68adf86ac2ebc352586bf86772646e1b5c2ee3b783768d4a3fe6ca6cb3c4132	pending_h5_h6	accepted_pair_specific_h0_h4
T44__bde__bde2025_standard_daegwallyeong__target	T44	target	bde	bde_paper_source_completed_v1	bde2025_standard_daegwallyeong	bde2025_standard_daegwallyeong	energy2025_bde_native_25_v1	shared/contracts/bde_ws56_declared_proxy_cases.json	executable_baseline	plan003_hpc_analysis__T44__bde__bde2025_standard_daegwallyeong__target__v1	hpc/core_target_plans/t44_target_hpc_analysis.json	746ef7c38248bfd0dbad76fd8bb468ba160bac023e1471ff64ed47417eb3accc	pending_h5_h6	accepted_pair_specific_h0_h4
T43__ppga__ppga_nantong_structured_3d_declared_proxy_v1__target	T43	target	ppga	ppga_nantong_structured_3d_declared_reconstruction_v2	ppga_nantong_structured_3d_declared_proxy_v1	ppga_nantong_structured_3d_declared_proxy_v1	jas2025_ppga_native_25_v1	shared/contracts/ppga_nantong_structured_3d_declared_proxy_cases.json	executable_baseline	plan003_hpc_analysis__T43__ppga__ppga_nantong_structured_3d_declared_proxy_v1__target__v1	hpc/core_target_plans/t43_target_hpc_analysis.json	77a22d7eaf7c666fcb674fc4a981735442d1dfbee87173ed5c8dd29b0f966da1	pending_h5_h6	accepted_pair_specific_h0_h4
Y06__gga__gga2026_layout_cable__target	Y06	target	gga	gga_source_replay_v1	gga2026_layout_cable	gga2026_layout_cable	apenergy2026_gga_native_25_v1	shared/contracts/gga_problem_semantics.json	executable_baseline	plan003_hpc_analysis__Y06__gga__gga2026_layout_cable__target__v1	hpc/core_target_plans/y06_target_hpc_analysis.json	be40790b289760856b3921dbc40cfe8f5c55193829e8698dba36c0c115eb99f8	pending_h5_h6	accepted_pair_specific_h0_h4
T36__tmoea__nysted_paper_eq16_cpu_r4_v2__target	T36	target	tmoea	tmoea_nysted_paper_eq16_v2	nysted_paper_eq16_cpu_r4_v2	nysted_paper_eq16_cpu_r4_v2	cpeee2026_tmoea_native_25_v1	shared/contracts/tmoea_nysted_paper_wake_gga_router_problem.json	executable_baseline	plan003_hpc_analysis__T36__tmoea__nysted_paper_eq16_cpu_r4_v2__target__v1	hpc/core_target_plans/t36_target_hpc_analysis.json	cfe6748e4a9ccaa01ed97ed969c862732d879ab0ee4043fb9aa12d4c2e41ee74	pending_h5_h6	accepted_pair_specific_h0_h4
L0726__geoga__geoga_anholt_structured_declared_proxy_v1__target	L0726	target	geoga	geoga_declared_reconstruction_v1	geoga_anholt_structured_declared_proxy_v1	geoga_anholt_structured_declared_proxy_v1	cbd2025_geoga_native_25_v1	shared/contracts/geoga_anholt_structured_declared_proxy_case.json	executable_baseline	plan003_hpc_analysis__L0726__geoga__geoga_anholt_structured_declared_proxy_v1__target__v1	hpc/core_target_plans/l0726_target_hpc_analysis.json	7a5aa0b11ef4d71da0160e9e48b5438daaeb48139ba4381a0c1edd3b8dc7a31f	pending_h5_h6	accepted_pair_specific_h0_h4
T40__cgpso__cgpso_complex_large_16_v1__target	T40	target	cgpso	cgpso_paper_staged_parallel_e0_physical_fes_v1	cgpso_complex_large_16	cgpso_complex_large_16_v1	jas2023_cgpso_native_25_v1	shared/contracts/cgpso_native_16_cases.json	executable_baseline	plan003_hpc_analysis__T40__cgpso__cgpso_complex_large_16_v1__target__v1	hpc/core_target_plans/t40_target_hpc_analysis.json	81da191304bab58c8242557307e94554fc510ec4922d9157b254efb585367830	pending_h5_h6	accepted_pair_specific_h0_h4
Y35__hgpso__agpso_aiga_hgpso_landuse_156_v1__target	Y35	target	hgpso	hgpso_paper_equations_physical_fes_v1	agpso_aiga_hgpso_landuse_156	agpso_aiga_hgpso_landuse_156_v1	tst2026_hgpso_native_25_v1	shared/contracts/agpso_aiga_hgpso_native_156_cases.json	executable_baseline	plan003_hpc_analysis__Y35__hgpso__agpso_aiga_hgpso_landuse_156_v1__target__v1	hpc/core_target_plans/y35_target_hpc_analysis.json	01ec639663ef6ca104198851c7bcb3e271e49686cb525d424349d8ecbab9cc60	pending_h5_h6	accepted_pair_specific_h0_h4
